ISO-10303-21;
HEADER;
FILE_DESCRIPTION (( 'STEP AP214' ),
    '1' );
FILE_NAME ('TO-3P(L).STEP',
    '2018-02-26T02:49:34',
    ( '微软用户' ),
    ( '微软中国' ),
    'SwSTEP 2.0',
    'SolidWorks 2015',
    '' );
FILE_SCHEMA (( 'AUTOMOTIVE_DESIGN' ));
ENDSEC;

DATA;
#1 = DIRECTION ( 'NONE',  ( -1.000000000000000000, 0.0000000000000000000, 0.0000000000000000000 ) ) ;
#2 = CARTESIAN_POINT ( 'NONE',  ( 2.199999999999998800, 1.099999999999922200, 22.50000000000001400 ) ) ;
#3 = PLANE ( 'NONE',  #1541 ) ;
#4 = AXIS2_PLACEMENT_3D ( 'NONE', #1340, #280, #1580 ) ;
#5 = ADVANCED_FACE ( 'NONE', ( #1827 ), #355, .F. ) ;
#6 = ORIENTED_EDGE ( 'NONE', *, *, #1939, .F. ) ;
#7 = ORIENTED_EDGE ( 'NONE', *, *, #1874, .T. ) ;
#8 = ORIENTED_EDGE ( 'NONE', *, *, #229, .T. ) ;
#9 = ORIENTED_EDGE ( 'NONE', *, *, #701, .F. ) ;
#10 = LINE ( 'NONE', #1275, #1007 ) ;
#11 = DIRECTION ( 'NONE',  ( 2.910291356552616000E-018, 0.9990482215818580200, -0.04361938736532878400 ) ) ;
#12 = ORIENTED_EDGE ( 'NONE', *, *, #2313, .F. ) ;
#13 = FACE_OUTER_BOUND ( 'NONE', #1940, .T. ) ;
#14 = EDGE_LOOP ( 'NONE', ( #888, #1904 ) ) ;
#15 = DIRECTION ( 'NONE',  ( 0.0000000000000000000, 0.9961946980917461000, -0.08715574274765143500 ) ) ;
#16 = EDGE_CURVE ( 'NONE', #277, #648, #279, .T. ) ;
#17 = CARTESIAN_POINT ( 'NONE',  ( 4.700000000000001100, 1.099999999999970800, 8.500000000000012400 ) ) ;
#18 = ORIENTED_EDGE ( 'NONE', *, *, #2135, .F. ) ;
#19 = DIRECTION ( 'NONE',  ( -6.672013369141565500E-017, -3.491481338843133400E-015, 1.000000000000000000 ) ) ;
#20 = VERTEX_POINT ( 'NONE', #570 ) ;
#21 = VECTOR ( 'NONE', #1292, 1000.000000000000000 ) ;
#22 = ADVANCED_FACE ( 'NONE', ( #563 ), #707, .F. ) ;
#23 = EDGE_CURVE ( 'NONE', #20, #1692, #446, .T. ) ;
#24 = ORIENTED_EDGE ( 'NONE', *, *, #23, .T. ) ;
#25 = DIRECTION ( 'NONE',  ( -1.000000000000000000, -0.0000000000000000000, 0.0000000000000000000 ) ) ;
#26 = DIRECTION ( 'NONE',  ( 0.0000000000000000000, -1.000000000000000000, -3.491481338843133400E-015 ) ) ;
#27 = VECTOR ( 'NONE', #2322, 1000.000000000000000 ) ;
#28 = CARTESIAN_POINT ( 'NONE',  ( -0.5000000000000004400, -0.3000000000000016500, 0.0000000000000000000 ) ) ;
#29 = CARTESIAN_POINT ( 'NONE',  ( 9.449999999999999300, 1.099999999999922200, 22.50000000000001400 ) ) ;
#30 = DIRECTION ( 'NONE',  ( -6.672013369141566700E-017, -3.491481338843133400E-015, 1.000000000000000000 ) ) ;
#31 = CARTESIAN_POINT ( 'NONE',  ( -1.249999999999999300, 3.099999999999945000, 15.50000000000002000 ) ) ;
#32 = STYLED_ITEM ( 'NONE', ( #2255 ), #700 ) ;
#33 = CARTESIAN_POINT ( 'NONE',  ( 0.0000000000000000000, 0.0000000000000000000, 0.0000000000000000000 ) ) ;
#34 = VERTEX_POINT ( 'NONE', #2193 ) ;
#35 = ORIENTED_EDGE ( 'NONE', *, *, #2250, .F. ) ;
#36 = DIRECTION ( 'NONE',  ( 1.000000000000000000, 0.0000000000000000000, 0.0000000000000000000 ) ) ;
#37 = EDGE_CURVE ( 'NONE', #320, #757, #1894, .T. ) ;
#38 = ORIENTED_EDGE ( 'NONE', *, *, #1251, .T. ) ;
#39 = SURFACE_STYLE_FILL_AREA ( #1078 ) ;
#40 = CARTESIAN_POINT ( 'NONE',  ( -4.497606868509781600, 0.3000000000000727600, 28.50000000000000700 ) ) ;
#41 = LINE ( 'NONE', #574, #105 ) ;
#42 = VECTOR ( 'NONE', #1981, 1000.000000000000000 ) ;
#43 = CARTESIAN_POINT ( 'NONE',  ( 14.45000000000000100, -1.900000000000049200, 13.50000000000000200 ) ) ;
#44 = FACE_OUTER_BOUND ( 'NONE', #1762, .T. ) ;
#45 = VECTOR ( 'NONE', #15, 1000.000000000000100 ) ;
#46 = ORIENTED_EDGE ( 'NONE', *, *, #1797, .T. ) ;
#47 = AXIS2_PLACEMENT_3D ( 'NONE', #66, #2234, #998 ) ;
#48 = DIRECTION ( 'NONE',  ( 0.0000000000000000000, -1.000000000000000000, -3.491481338843133400E-015 ) ) ;
#49 = AXIS2_PLACEMENT_3D ( 'NONE', #2018, #1278, #234 ) ;
#50 = DIRECTION ( 'NONE',  ( -1.000000000000000000, 0.0000000000000000000, 0.0000000000000000000 ) ) ;
#51 = CARTESIAN_POINT ( 'NONE',  ( -4.401552794111058400, -1.900000000000052800, 14.79746145598812600 ) ) ;
#52 = EDGE_LOOP ( 'NONE', ( #1753, #1238, #2121, #1146 ) ) ;
#53 = SURFACE_STYLE_FILL_AREA ( #2244 ) ;
#54 = EDGE_LOOP ( 'NONE', ( #369, #968, #932, #1864 ) ) ;
#55 = FACE_OUTER_BOUND ( 'NONE', #52, .T. ) ;
#56 = EDGE_CURVE ( 'NONE', #1846, #1590, #2230, .T. ) ;
#57 = SURFACE_SIDE_STYLE ('',( #1754 ) ) ;
#58 = CARTESIAN_POINT ( 'NONE',  ( 12.15000000000000000, 0.2999999999999895000, 2.500000000000016000 ) ) ;
#59 = CARTESIAN_POINT ( 'NONE',  ( 3.950000000000000200, 0.2999999999999895000, 2.500000000000016000 ) ) ;
#60 = ORIENTED_EDGE ( 'NONE', *, *, #2313, .T. ) ;
#61 = EDGE_LOOP ( 'NONE', ( #1517, #121, #1476, #1410 ) ) ;
#62 = CARTESIAN_POINT ( 'NONE',  ( 14.45000000000000100, -1.900000000000044100, 12.20253854401187600 ) ) ;
#63 = ORIENTED_EDGE ( 'NONE', *, *, #1542, .T. ) ;
#64 = EDGE_LOOP ( 'NONE', ( #1208, #96, #510, #1520 ) ) ;
#65 = EDGE_LOOP ( 'NONE', ( #1219, #1048, #1819, #431 ) ) ;
#66 = CARTESIAN_POINT ( 'NONE',  ( 9.449999999999999300, 1.099999999999922200, 22.50000000000001400 ) ) ;
#67 = ORIENTED_EDGE ( 'NONE', *, *, #605, .T. ) ;
#68 = CARTESIAN_POINT ( 'NONE',  ( 5.450000000000001100, 1.099999999999970800, 8.500000000000012400 ) ) ;
#69 = DIRECTION ( 'NONE',  ( 1.000000000000000000, 0.0000000000000000000, 0.0000000000000000000 ) ) ;
#70 = VECTOR ( 'NONE', #1921, 1000.000000000000200 ) ;
#71 = FACE_OUTER_BOUND ( 'NONE', #580, .T. ) ;
#72 = ORIENTED_EDGE ( 'NONE', *, *, #673, .F. ) ;
#73 = VECTOR ( 'NONE', #2180, 1000.000000000000000 ) ;
#74 = EDGE_CURVE ( 'NONE', #648, #1802, #411, .T. ) ;
#75 = LINE ( 'NONE', #2242, #1801 ) ;
#76 = CARTESIAN_POINT ( 'NONE',  ( 6.950000000000001100, 0.2999999999999895000, 2.500000000000016000 ) ) ;
#77 = ORIENTED_EDGE ( 'NONE', *, *, #56, .T. ) ;
#78 = PLANE ( 'NONE',  #1986 ) ;
#79 = ORIENTED_EDGE ( 'NONE', *, *, #270, .T. ) ;
#80 = DIRECTION ( 'NONE',  ( 0.0000000000000000000, -0.04361938736532790200, -0.9990482215818581300 ) ) ;
#81 =( NAMED_UNIT ( * ) PLANE_ANGLE_UNIT ( ) SI_UNIT ( $, .RADIAN. ) );
#82 = VERTEX_POINT ( 'NONE', #201 ) ;
#83 =( LENGTH_UNIT ( ) NAMED_UNIT ( * ) SI_UNIT ( .MILLI., .METRE. ) );
#84 = ORIENTED_EDGE ( 'NONE', *, *, #839, .T. ) ;
#85 = CARTESIAN_POINT ( 'NONE',  ( 5.450000000000001100, 3.099999999999920600, 22.50000000000002100 ) ) ;
#86 = ADVANCED_FACE ( 'NONE', ( #106 ), #2314, .F. ) ;
#87 = FACE_OUTER_BOUND ( 'NONE', #1535, .T. ) ;
#88 = DIRECTION ( 'NONE',  ( 0.0000000000000000000, 0.9990482215818581300, -0.04361938736532790200 ) ) ;
#89 = CARTESIAN_POINT ( 'NONE',  ( 15.45000000000000100, 1.500000000000211200, 28.44760686850978000 ) ) ;
#90 = LINE ( 'NONE', #1774, #27 ) ;
#91 = CARTESIAN_POINT ( 'NONE',  ( -4.549999999999998000, 3.099999999999989900, 2.500000000000016000 ) ) ;
#92 = CARTESIAN_POINT ( 'NONE',  ( -1.249999999999999300, 3.099999999999997000, 0.7500000000000145400 ) ) ;
#93 = ORIENTED_EDGE ( 'NONE', *, *, #1602, .F. ) ;
#94 = ORIENTED_EDGE ( 'NONE', *, *, #489, .T. ) ;
#95 = EDGE_CURVE ( 'NONE', #318, #2033, #1925, .T. ) ;
#96 = ORIENTED_EDGE ( 'NONE', *, *, #661, .F. ) ;
#97 =( LENGTH_UNIT ( ) NAMED_UNIT ( * ) SI_UNIT ( .MILLI., .METRE. ) );
#98 = DIRECTION ( 'NONE',  ( 1.000000000000000000, 0.0000000000000000000, 0.0000000000000000000 ) ) ;
#99 = VERTEX_POINT ( 'NONE', #2188 ) ;
#100 = ORIENTED_EDGE ( 'NONE', *, *, #1397, .F. ) ;
#101 = VECTOR ( 'NONE', #950, 1000.000000000000100 ) ;
#102 = VECTOR ( 'NONE', #343, 1000.000000000000100 ) ;
#103 = ORIENTED_EDGE ( 'NONE', *, *, #1656, .T. ) ;
#104 = EDGE_CURVE ( 'NONE', #2301, #645, #2091, .T. ) ;
#105 = VECTOR ( 'NONE', #1805, 1000.000000000000000 ) ;
#106 = FACE_OUTER_BOUND ( 'NONE', #474, .T. ) ;
#107 = DIRECTION ( 'NONE',  ( -0.04357795025174347700, 0.9980991556472299500, -0.04357795025174093800 ) ) ;
#108 = CLOSED_SHELL ( 'NONE', ( #2020, #573, #216, #1897, #185, #1076, #526, #1131, #795, #244 ) ) ;
#109 = CARTESIAN_POINT ( 'NONE',  ( 9.650000000000000400, -0.3000000000000103100, 2.526196565745118900 ) ) ;
#110 = DIRECTION ( 'NONE',  ( -1.486905836551549300E-016, -3.643269642991104000E-015, 1.000000000000000000 ) ) ;
#111 = PRODUCT_CONTEXT ( 'NONE', #1749, 'mechanical' ) ;
#112 = VECTOR ( 'NONE', #26, 1000.000000000000000 ) ;
#113 = VECTOR ( 'NONE', #649, 1000.000000000000000 ) ;
#114 =( NAMED_UNIT ( * ) SI_UNIT ( $, .STERADIAN. ) SOLID_ANGLE_UNIT ( ) );
#115 = AXIS2_PLACEMENT_3D ( 'NONE', #762, #1650, #236 ) ;
#116 = EDGE_LOOP ( 'NONE', ( #955, #679, #1101, #607 ) ) ;
#117 = EDGE_CURVE ( 'NONE', #1087, #841, #2095, .T. ) ;
#118 = DIRECTION ( 'NONE',  ( 0.0000000000000000000, 1.000000000000000000, 3.491481338843133400E-015 ) ) ;
#119 = ORIENTED_EDGE ( 'NONE', *, *, #170, .T. ) ;
#120 = VERTEX_POINT ( 'NONE', #2182 ) ;
#121 = ORIENTED_EDGE ( 'NONE', *, *, #561, .T. ) ;
#122 = ORIENTED_EDGE ( 'NONE', *, *, #514, .T. ) ;
#123 = VERTEX_POINT ( 'NONE', #2003 ) ;
#124 = PRESENTATION_LAYER_ASSIGNMENT (  '', '', ( #2233 ) ) ;
#125 = ORIENTED_EDGE ( 'NONE', *, *, #1502, .F. ) ;
#126 = VECTOR ( 'NONE', #730, 1000.000000000000000 ) ;
#127 = LINE ( 'NONE', #565, #304 ) ;
#128 = DIRECTION ( 'NONE',  ( 1.000000000000000000, 0.0000000000000000000, 0.0000000000000000000 ) ) ;
#129 = LINE ( 'NONE', #1288, #1704 ) ;
#130 = ORIENTED_EDGE ( 'NONE', *, *, #728, .T. ) ;
#131 = CARTESIAN_POINT ( 'NONE',  ( -3.550000000000000300, 1.499999999999919800, 22.50000000000001400 ) ) ;
#132 = CIRCLE ( 'NONE', #588, 2.297461455988110600 ) ;
#133 = ORIENTED_EDGE ( 'NONE', *, *, #2070, .T. ) ;
#134 = LINE ( 'NONE', #2221, #199 ) ;
#135 = DIRECTION ( 'NONE',  ( 0.0000000000000000000, -0.9961946980917455500, -0.08715574274765844300 ) ) ;
#136 = CARTESIAN_POINT ( 'NONE',  ( 4.950000000000002800, 3.100000000000059200, -17.49999999999998200 ) ) ;
#137 = CARTESIAN_POINT ( 'NONE',  ( 0.6999999999999992900, 1.099999999999922200, 22.50000000000000700 ) ) ;
#138 = CONICAL_SURFACE ( 'NONE', #1705, 1.000000000000000900, 0.08726646259971306000 ) ;
#139 = EDGE_CURVE ( 'NONE', #1884, #1272, #2200, .T. ) ;
#140 = ORIENTED_EDGE ( 'NONE', *, *, #778, .T. ) ;
#141 = VECTOR ( 'NONE', #1323, 1000.000000000000200 ) ;
#142 = CARTESIAN_POINT ( 'NONE',  ( 5.450000000000001100, -1.900000000000031900, 8.500000000000001800 ) ) ;
#143 =( LENGTH_UNIT ( ) NAMED_UNIT ( * ) SI_UNIT ( .MILLI., .METRE. ) );
#144 = CARTESIAN_POINT ( 'NONE',  ( 1.250000000000000200, -0.3000000000000033800, 0.7500000000000075500 ) ) ;
#145 = VERTEX_POINT ( 'NONE', #1669 ) ;
#146 = DIRECTION ( 'NONE',  ( -0.7071067811865500200, -2.576180670250092400E-015, 0.7071067811865451300 ) ) ;
#147 = VECTOR ( 'NONE', #1922, 1000.000000000000000 ) ;
#148 = EDGE_CURVE ( 'NONE', #1464, #318, #830, .T. ) ;
#149 = ORIENTED_EDGE ( 'NONE', *, *, #1329, .F. ) ;
#150 = PLANE ( 'NONE',  #209 ) ;
#151 = CARTESIAN_POINT ( 'NONE',  ( 1.250000000000000200, 0.3000000000000623800, -17.49999999999998900 ) ) ;
#152 = ORIENTED_EDGE ( 'NONE', *, *, #954, .F. ) ;
#153 = ADVANCED_FACE ( 'NONE', ( #44 ), #1833, .T. ) ;
#154 = DIRECTION ( 'NONE',  ( 0.0000000000000000000, 3.621415408221843200E-015, -1.000000000000000000 ) ) ;
#155 = CARTESIAN_POINT ( 'NONE',  ( 5.949999999999997500, -0.2999999999999999300, 6.938893903907228400E-015 ) ) ;
#156 = EDGE_LOOP ( 'NONE', ( #1734, #1695, #1916, #1519 ) ) ;
#157 = LINE ( 'NONE', #2349, #2029 ) ;
#158 = AXIS2_PLACEMENT_3D ( 'NONE', #328, #647, #500 ) ;
#159 = LINE ( 'NONE', #1099, #869 ) ;
#160 = VECTOR ( 'NONE', #982, 1000.000000000000000 ) ;
#161 = CARTESIAN_POINT ( 'NONE',  ( 5.450000000000001100, -1.900000000000052800, 14.79746145598812600 ) ) ;
#162 = AXIS2_PLACEMENT_3D ( 'NONE', #1015, #812, #2056 ) ;
#163 = UNCERTAINTY_MEASURE_WITH_UNIT (LENGTH_MEASURE( 1.000000000000000100E-005 ), #143, 'distance_accuracy_value', 'NONE');
#164 = ORIENTED_EDGE ( 'NONE', *, *, #1063, .T. ) ;
#165 = ORIENTED_EDGE ( 'NONE', *, *, #306, .F. ) ;
#166 = CARTESIAN_POINT ( 'NONE',  ( 14.45000000000000100, 1.499999999999694200, 22.50000000000001400 ) ) ;
#167 = DIRECTION ( 'NONE',  ( -1.000000000000000000, 0.0000000000000000000, 0.0000000000000000000 ) ) ;
#168 = DIRECTION ( 'NONE',  ( 0.0000000000000000000, -0.04361938736532790900, -0.9990482215818581300 ) ) ;
#169 = ORIENTED_EDGE ( 'NONE', *, *, #1040, .T. ) ;
#170 = EDGE_CURVE ( 'NONE', #1748, #1112, #534, .T. ) ;
#171 = DIRECTION ( 'NONE',  ( 1.000000000000000000, 0.0000000000000000000, 0.0000000000000000000 ) ) ;
#172 = ADVANCED_FACE ( 'NONE', ( #1045 ), #2065, .F. ) ;
#173 = VECTOR ( 'NONE', #2176, 1000.000000000000100 ) ;
#174 = CIRCLE ( 'NONE', #1659, 0.7499999999999997800 ) ;
#175 = CARTESIAN_POINT ( 'NONE',  ( 12.15000000000000000, 0.2999999999999895000, 2.500000000000016000 ) ) ;
#176 = FACE_BOUND ( 'NONE', #14, .T. ) ;
#177 = LINE ( 'NONE', #282, #994 ) ;
#178 = PRESENTATION_LAYER_ASSIGNMENT (  '', '', ( #2283 ) ) ;
#179 = CARTESIAN_POINT ( 'NONE',  ( 5.450000000000001100, -1.900000000000056100, 15.50000000000000400 ) ) ;
#180 = DIRECTION ( 'NONE',  ( 0.0000000000000000000, -1.000000000000000000, -3.491481338843133400E-015 ) ) ;
#181 = DIRECTION ( 'NONE',  ( -6.672013369141566700E-017, -3.491481338843133400E-015, 1.000000000000000000 ) ) ;
#182 = DIRECTION ( 'NONE',  ( -0.04345371644180986300, -0.9952537335912752200, -0.08707341902108692300 ) ) ;
#183 = EDGE_LOOP ( 'NONE', ( #254, #18, #238, #2006, #463 ) ) ;
#184 = DIRECTION ( 'NONE',  ( 1.000000000000000000, -6.056754644426116500E-031, 1.734723475976807100E-016 ) ) ;
#185 = ADVANCED_FACE ( 'NONE', ( #1391 ), #824, .T. ) ;
#186 = DIRECTION ( 'NONE',  ( -1.000000000000000000, -0.0000000000000000000, 0.0000000000000000000 ) ) ;
#187 = ORIENTED_EDGE ( 'NONE', *, *, #1554, .F. ) ;
#188 = EDGE_CURVE ( 'NONE', #653, #2317, #1335, .T. ) ;
#189 = CARTESIAN_POINT ( 'NONE',  ( -0.4999999999999978400, 0.3000000000000623800, -17.49999999999998900 ) ) ;
#190 = VERTEX_POINT ( 'NONE', #1384 ) ;
#191 = LINE ( 'NONE', #945, #2038 ) ;
#192 = FACE_OUTER_BOUND ( 'NONE', #2199, .T. ) ;
#193 = LINE ( 'NONE', #1817, #1388 ) ;
#194 = DIRECTION ( 'NONE',  ( -1.000000000000000000, 0.0000000000000000000, 0.0000000000000000000 ) ) ;
#195 = CARTESIAN_POINT ( 'NONE',  ( -4.382844323477213400, -2.328494425167434700, 28.38523745496742400 ) ) ;
#196 = UNCERTAINTY_MEASURE_WITH_UNIT (LENGTH_MEASURE( 1.000000000000000100E-005 ), #302, 'distance_accuracy_value', 'NONE');
#197 = ORIENTED_EDGE ( 'NONE', *, *, #575, .F. ) ;
#198 = CARTESIAN_POINT ( 'NONE',  ( -4.549999999999998000, 1.500000000000301500, 2.500000000000009300 ) ) ;
#199 = VECTOR ( 'NONE', #791, 1000.000000000000000 ) ;
#200 = EDGE_CURVE ( 'NONE', #1171, #2280, #1589, .T. ) ;
#201 = CARTESIAN_POINT ( 'NONE',  ( 5.950000000000002800, -0.2999999999999409300, -17.49999999999999600 ) ) ;
#202 = FACE_OUTER_BOUND ( 'NONE', #1021, .T. ) ;
#203 = DIRECTION ( 'NONE',  ( 0.0000000000000000000, 3.643269642991104000E-015, -1.000000000000000000 ) ) ;
#204 = DIRECTION ( 'NONE',  ( -1.000000000000000000, -0.0000000000000000000, 0.0000000000000000000 ) ) ;
#205 = ORIENTED_EDGE ( 'NONE', *, *, #1315, .T. ) ;
#206 = PLANE ( 'NONE',  #2125 ) ;
#207 = LINE ( 'NONE', #59, #1629 ) ;
#208 = LINE ( 'NONE', #1297, #689 ) ;
#209 = AXIS2_PLACEMENT_3D ( 'NONE', #333, #1808, #709 ) ;
#210 = EDGE_LOOP ( 'NONE', ( #1141, #1607, #1635, #430 ) ) ;
#211 = AXIS2_PLACEMENT_3D ( 'NONE', #1073, #1768, #1796 ) ;
#212 = DIRECTION ( 'NONE',  ( 0.0000000000000000000, -1.000000000000000000, -3.491481338843133400E-015 ) ) ;
#213 = CARTESIAN_POINT ( 'NONE',  ( 15.30155279411105300, -1.900000000000101200, 28.40394592560127400 ) ) ;
#214 = ORIENTED_EDGE ( 'NONE', *, *, #364, .F. ) ;
#215 = FACE_OUTER_BOUND ( 'NONE', #515, .T. ) ;
#216 = ADVANCED_FACE ( 'NONE', ( #557 ), #1183, .F. ) ;
#217 = VERTEX_POINT ( 'NONE', #817 ) ;
#218 = CARTESIAN_POINT ( 'NONE',  ( 15.45000000000000100, 1.499999999999913000, 24.50000000000001400 ) ) ;
#219 = VECTOR ( 'NONE', #549, 1000.000000000000000 ) ;
#220 = EDGE_CURVE ( 'NONE', #269, #1149, #75, .T. ) ;
#221 = ADVANCED_FACE ( 'NONE', ( #1537 ), #1177, .T. ) ;
#222 =( NAMED_UNIT ( * ) SI_UNIT ( $, .STERADIAN. ) SOLID_ANGLE_UNIT ( ) );
#223 = AXIS2_PLACEMENT_3D ( 'NONE', #319, #1109, #1105 ) ;
#224 = ORIENTED_EDGE ( 'NONE', *, *, #1088, .F. ) ;
#225 = SURFACE_STYLE_USAGE ( .BOTH. , #2036 ) ;
#226 = VERTEX_POINT ( 'NONE', #426 ) ;
#227 = CARTESIAN_POINT ( 'NONE',  ( 2.199999999999998800, -1.900000000000080500, 22.50000000000000400 ) ) ;
#228 = COLOUR_RGB ( '',1.000000000000000000, 1.000000000000000000, 1.000000000000000000 ) ;
#229 = EDGE_CURVE ( 'NONE', #473, #82, #1618, .T. ) ;
#230 = CARTESIAN_POINT ( 'NONE',  ( 14.45000000000000100, 1.499999999999947600, 14.50000000000001200 ) ) ;
#231 = ORIENTED_EDGE ( 'NONE', *, *, #1374, .F. ) ;
#232 = DIRECTION ( 'NONE',  ( 0.0000000000000000000, -0.08715574274765824900, 0.9961946980917455500 ) ) ;
#233 = LINE ( 'NONE', #1240, #1291 ) ;
#234 = DIRECTION ( 'NONE',  ( 0.0000000000000000000, -1.000000000000000000, -3.491481338843133400E-015 ) ) ;
#235 = CARTESIAN_POINT ( 'NONE',  ( 10.40000000000000000, 0.2999999999999895000, 2.500000000000016000 ) ) ;
#236 = DIRECTION ( 'NONE',  ( 0.0000000000000000000, 1.000000000000000000, 3.491481338843133400E-015 ) ) ;
#237 = ADVANCED_FACE ( 'NONE', ( #1096 ), #808, .T. ) ;
#238 = ORIENTED_EDGE ( 'NONE', *, *, #16, .F. ) ;
#239 = DIRECTION ( 'NONE',  ( -0.7071067811865463500, 2.576180670250106200E-015, -0.7071067811865487900 ) ) ;
#240 = CARTESIAN_POINT ( 'NONE',  ( -2.550000000000000300, 1.499999999999950900, 13.50000000000000900 ) ) ;
#241 = PLANE ( 'NONE',  #788 ) ;
#242 = STYLED_ITEM ( 'NONE', ( #876 ), #2296 ) ;
#243 = ORIENTED_EDGE ( 'NONE', *, *, #2332, .F. ) ;
#244 = ADVANCED_FACE ( 'NONE', ( #1421 ), #1362, .F. ) ;
#245 = EDGE_CURVE ( 'NONE', #123, #742, #1750, .T. ) ;
#246 = ORIENTED_EDGE ( 'NONE', *, *, #1555, .T. ) ;
#247 = COLOUR_RGB ( '',1.000000000000000000, 1.000000000000000000, 1.000000000000000000 ) ;
#248 = FILL_AREA_STYLE ('',( #1879 ) ) ;
#249 = DIRECTION ( 'NONE',  ( 1.000000000000000000, 0.0000000000000000000, 0.0000000000000000000 ) ) ;
#250 = LINE ( 'NONE', #946, #617 ) ;
#251 = PRESENTATION_STYLE_ASSIGNMENT (( #1622 ) ) ;
#252 = ORIENTED_EDGE ( 'NONE', *, *, #728, .F. ) ;
#253 = ORIENTED_EDGE ( 'NONE', *, *, #1720, .F. ) ;
#254 = ORIENTED_EDGE ( 'NONE', *, *, #765, .F. ) ;
#255 = ORIENTED_EDGE ( 'NONE', *, *, #1775, .F. ) ;
#256 = DIRECTION ( 'NONE',  ( 0.0000000000000000000, -1.000000000000000000, -3.491481338843133400E-015 ) ) ;
#257 = MECHANICAL_DESIGN_GEOMETRIC_PRESENTATION_REPRESENTATION (  '', ( #2233 ), #372 ) ;
#258 = CARTESIAN_POINT ( 'NONE',  ( 10.40000000000000200, 3.100000000000059200, -17.49999999999998200 ) ) ;
#259 = AXIS2_PLACEMENT_3D ( 'NONE', #1557, #763, #1162 ) ;
#260 = DIRECTION ( 'NONE',  ( 0.0000000000000000000, -0.9990482215818581300, 0.04361938736532790200 ) ) ;
#261 = FACE_OUTER_BOUND ( 'NONE', #156, .T. ) ;
#262 = LINE ( 'NONE', #596, #685 ) ;
#263 = FILL_AREA_STYLE ('',( #1933 ) ) ;
#264 = ORIENTED_EDGE ( 'NONE', *, *, #229, .F. ) ;
#265 = LINE ( 'NONE', #2192, #756 ) ;
#266 = FILL_AREA_STYLE_COLOUR ( '', #1963 ) ;
#267 =( NAMED_UNIT ( * ) PLANE_ANGLE_UNIT ( ) SI_UNIT ( $, .RADIAN. ) );
#268 = APPLICATION_CONTEXT ( 'automotive_design' ) ;
#269 = VERTEX_POINT ( 'NONE', #1306 ) ;
#270 = EDGE_CURVE ( 'NONE', #1175, #1747, #134, .T. ) ;
#271 = CARTESIAN_POINT ( 'NONE',  ( 11.40000000000000000, -0.3000000000000016500, 0.0000000000000000000 ) ) ;
#272 = ORIENTED_EDGE ( 'NONE', *, *, #148, .F. ) ;
#273 = DIRECTION ( 'NONE',  ( 0.0000000000000000000, -1.000000000000000000, -3.491481338843133400E-015 ) ) ;
#274 = CARTESIAN_POINT ( 'NONE',  ( 1.250000000000000200, -0.3000000000000103100, 2.526196565745118900 ) ) ;
#275 = APPLICATION_PROTOCOL_DEFINITION ( 'draft international standard', 'automotive_design', 1998, #268 ) ;
#276 = FACE_OUTER_BOUND ( 'NONE', #2172, .T. ) ;
#277 = VERTEX_POINT ( 'NONE', #594 ) ;
#278 = EDGE_CURVE ( 'NONE', #653, #1309, #157, .T. ) ;
#279 = LINE ( 'NONE', #766, #959 ) ;
#280 = DIRECTION ( 'NONE',  ( -1.000000000000000000, 2.329521017086968200E-031, -6.672013369141566700E-017 ) ) ;
#281 = VECTOR ( 'NONE', #852, 1000.000000000000000 ) ;
#282 = CARTESIAN_POINT ( 'NONE',  ( 11.40000000000000000, -0.3000000000000016500, 0.0000000000000000000 ) ) ;
#283 = SURFACE_STYLE_FILL_AREA ( #1592 ) ;
#284 = PRESENTATION_LAYER_ASSIGNMENT (  '', '', ( #32 ) ) ;
#285 =( NAMED_UNIT ( * ) SI_UNIT ( $, .STERADIAN. ) SOLID_ANGLE_UNIT ( ) );
#286 = CARTESIAN_POINT ( 'NONE',  ( 5.950000000000001100, 0.2999999999999999300, 1.040834085586084300E-014 ) ) ;
#287 = AXIS2_PLACEMENT_3D ( 'NONE', #2174, #847, #171 ) ;
#288 = FACE_OUTER_BOUND ( 'NONE', #1252, .T. ) ;
#289 = PLANE ( 'NONE',  #667 ) ;
#290 = VECTOR ( 'NONE', #1454, 1000.000000000000000 ) ;
#291 = DIRECTION ( 'NONE',  ( -1.486905836551549300E-016, -3.491481338843133400E-015, 1.000000000000000000 ) ) ;
#292 = EDGE_CURVE ( 'NONE', #1165, #2261, #650, .T. ) ;
#293 = CARTESIAN_POINT ( 'NONE',  ( -3.550000000000000300, 1.499999999999947600, 14.50000000000001200 ) ) ;
#294 =( NAMED_UNIT ( * ) PLANE_ANGLE_UNIT ( ) SI_UNIT ( $, .RADIAN. ) );
#295 = UNCERTAINTY_MEASURE_WITH_UNIT (LENGTH_MEASURE( 1.000000000000000100E-005 ), #1752, 'distance_accuracy_value', 'NONE');
#296 = EDGE_LOOP ( 'NONE', ( #1728, #1677, #1593, #579, #2304 ) ) ;
#297 = MECHANICAL_DESIGN_GEOMETRIC_PRESENTATION_REPRESENTATION (  '', ( #2283 ), #412 ) ;
#298 = ORIENTED_EDGE ( 'NONE', *, *, #1344, .F. ) ;
#299 = CARTESIAN_POINT ( 'NONE',  ( 9.650000000000000400, 3.099999999999945000, 15.50000000000002100 ) ) ;
#300 = VERTEX_POINT ( 'NONE', #1150 ) ;
#301 = CARTESIAN_POINT ( 'NONE',  ( -3.550000000000000300, 1.499999999999954500, 12.50000000000001200 ) ) ;
#302 =( LENGTH_UNIT ( ) NAMED_UNIT ( * ) SI_UNIT ( .MILLI., .METRE. ) );
#303 = CIRCLE ( 'NONE', #614, 0.7499999999999997800 ) ;
#304 = VECTOR ( 'NONE', #1467, 1000.000000000000000 ) ;
#305 = LINE ( 'NONE', #522, #1977 ) ;
#306 = EDGE_CURVE ( 'NONE', #120, #925, #1116, .T. ) ;
#307 = ADVANCED_FACE ( 'NONE', ( #2227 ), #783, .F. ) ;
#308 = ORIENTED_EDGE ( 'NONE', *, *, #1233, .T. ) ;
#309 =( NAMED_UNIT ( * ) PLANE_ANGLE_UNIT ( ) SI_UNIT ( $, .RADIAN. ) );
#310 = DIRECTION ( 'NONE',  ( -1.000000000000000000, 0.0000000000000000000, 0.0000000000000000000 ) ) ;
#311 = FACE_OUTER_BOUND ( 'NONE', #455, .T. ) ;
#312 = CARTESIAN_POINT ( 'NONE',  ( -4.497706365044210000, 0.3022788452974531400, 28.49990050346556100 ) ) ;
#313 = FILL_AREA_STYLE ('',( #887 ) ) ;
#314 = FACE_OUTER_BOUND ( 'NONE', #2079, .T. ) ;
#315 = SURFACE_SIDE_STYLE ('',( #2274 ) ) ;
#316 = CIRCLE ( 'NONE', #2286, 0.7499999999999997800 ) ;
#317 = EDGE_CURVE ( 'NONE', #217, #1630, #833, .T. ) ;
#318 = VERTEX_POINT ( 'NONE', #230 ) ;
#319 = CARTESIAN_POINT ( 'NONE',  ( 5.450000000000001100, -1.900000000000087400, 24.79746145598811300 ) ) ;
#320 = VERTEX_POINT ( 'NONE', #2025 ) ;
#321 = VERTEX_POINT ( 'NONE', #213 ) ;
#322 = ORIENTED_EDGE ( 'NONE', *, *, #1617, .F. ) ;
#323 = AXIS2_PLACEMENT_3D ( 'NONE', #166, #342, #1284 ) ;
#324 = FACE_OUTER_BOUND ( 'NONE', #2305, .T. ) ;
#325 = AXIS2_PLACEMENT_3D ( 'NONE', #68, #1772, #1727 ) ;
#326 =( NAMED_UNIT ( * ) SI_UNIT ( $, .STERADIAN. ) SOLID_ANGLE_UNIT ( ) );
#327 = VECTOR ( 'NONE', #194, 1000.000000000000000 ) ;
#328 = CARTESIAN_POINT ( 'NONE',  ( 11.40000000000000000, 3.100000000000000500, 1.387778780781445700E-014 ) ) ;
#329 = CARTESIAN_POINT ( 'NONE',  ( -4.401552794111058400, -1.900000000000056100, 15.50000000000000400 ) ) ;
#330 = VERTEX_POINT ( 'NONE', #578 ) ;
#331 = DIRECTION ( 'NONE',  ( 1.000000000000000000, 0.0000000000000000000, 0.0000000000000000000 ) ) ;
#332 = ADVANCED_BREP_SHAPE_REPRESENTATION ( 'TO-3P(L)', ( #367, #2296, #1491, #1473, #1213 ), #1612 ) ;
#333 = CARTESIAN_POINT ( 'NONE',  ( 10.40000000000000000, 3.100000000000000500, 1.387778780781445700E-014 ) ) ;
#334 = DIRECTION ( 'NONE',  ( 0.7071067811865500200, 2.560727392647105800E-015, -0.7071067811865451300 ) ) ;
#335 = VECTOR ( 'NONE', #1106, 1000.000000000000000 ) ;
#336 = SURFACE_SIDE_STYLE ('',( #1660 ) ) ;
#337 = FACE_OUTER_BOUND ( 'NONE', #747, .T. ) ;
#338 = DIRECTION ( 'NONE',  ( 1.177133787269976100E-016, 3.491481338843133400E-015, -1.000000000000000000 ) ) ;
#339 = EDGE_CURVE ( 'NONE', #1321, #859, #1301, .T. ) ;
#340 = LINE ( 'NONE', #155, #2212 ) ;
#341 = DIRECTION ( 'NONE',  ( 1.000000000000000000, 0.0000000000000000000, 0.0000000000000000000 ) ) ;
#342 = DIRECTION ( 'NONE',  ( 0.0000000000000000000, -1.000000000000000000, -3.491481338843133400E-015 ) ) ;
#343 = DIRECTION ( 'NONE',  ( 0.7071067811865500200, 2.560727392647105800E-015, -0.7071067811865451300 ) ) ;
#344 = ADVANCED_FACE ( 'NONE', ( #799 ), #2094, .T. ) ;
#345 = DIRECTION ( 'NONE',  ( 6.672013369141565500E-017, 3.491481338843133400E-015, -1.000000000000000000 ) ) ;
#346 = ADVANCED_FACE ( 'NONE', ( #1614 ), #2215, .F. ) ;
#347 = EDGE_CURVE ( 'NONE', #2087, #1548, #623, .T. ) ;
#348 = ORIENTED_EDGE ( 'NONE', *, *, #1838, .F. ) ;
#349 = CARTESIAN_POINT ( 'NONE',  ( 9.650000000000000400, 0.2999999999999964400, 0.7500000000000075500 ) ) ;
#350 = ORIENTED_EDGE ( 'NONE', *, *, #636, .T. ) ;
#351 = ORIENTED_EDGE ( 'NONE', *, *, #200, .F. ) ;
#352 = ORIENTED_EDGE ( 'NONE', *, *, #789, .F. ) ;
#353 = CARTESIAN_POINT ( 'NONE',  ( -3.550000000000000300, -1.900000000000052800, 14.79746145598812600 ) ) ;
#354 = LINE ( 'NONE', #258, #439 ) ;
#355 = PLANE ( 'NONE',  #980 ) ;
#356 = LINE ( 'NONE', #2293, #1889 ) ;
#357 = LINE ( 'NONE', #218, #1303 ) ;
#358 = FACE_OUTER_BOUND ( 'NONE', #815, .T. ) ;
#359 = DIRECTION ( 'NONE',  ( 0.0000000000000000000, -1.000000000000000000, -3.491481338843133400E-015 ) ) ;
#360 = DIRECTION ( 'NONE',  ( -0.9990482215818579100, 0.04361938736533371000, 8.563964608971998000E-017 ) ) ;
#361 = PRESENTATION_LAYER_ASSIGNMENT (  '', '', ( #242 ) ) ;
#362 = EDGE_LOOP ( 'NONE', ( #537, #1993, #1713, #1873 ) ) ;
#363 = ORIENTED_EDGE ( 'NONE', *, *, #1142, .T. ) ;
#364 = EDGE_CURVE ( 'NONE', #1641, #1582, #865, .T. ) ;
#365 = CARTESIAN_POINT ( 'NONE',  ( -3.550000000000000300, 1.499999999999919800, 22.50000000000001400 ) ) ;
#366 = DIRECTION ( 'NONE',  ( 0.7071067811865463500, -2.560727392647119600E-015, 0.7071067811865487900 ) ) ;
#367 = MANIFOLD_SOLID_BREP ( 'Lead2', #108 ) ;
#368 = DIRECTION ( 'NONE',  ( 6.672013369141565500E-017, 3.491481338843133400E-015, -1.000000000000000000 ) ) ;
#369 = ORIENTED_EDGE ( 'NONE', *, *, #220, .T. ) ;
#370 = CARTESIAN_POINT ( 'NONE',  ( 9.650000000000000400, 0.2999999999999895000, 2.500000000000016000 ) ) ;
#371 = EDGE_LOOP ( 'NONE', ( #1508, #2323, #187, #560, #12, #1866 ) ) ;
#372 =( GEOMETRIC_REPRESENTATION_CONTEXT ( 3 ) GLOBAL_UNCERTAINTY_ASSIGNED_CONTEXT ( ( #1206 ) ) GLOBAL_UNIT_ASSIGNED_CONTEXT ( ( #97, #1408, #285 ) ) REPRESENTATION_CONTEXT ( 'NONE', 'WORKASPACE' ) );
#373 = CIRCLE ( 'NONE', #2237, 1.297461455988124600 ) ;
#374 = CARTESIAN_POINT ( 'NONE',  ( 12.15000000000000000, 0.2999999999999964400, 0.7500000000000075500 ) ) ;
#375 = ORIENTED_EDGE ( 'NONE', *, *, #2008, .T. ) ;
#376 = DIRECTION ( 'NONE',  ( 1.000000000000000000, 0.0000000000000000000, 0.0000000000000000000 ) ) ;
#377 = DIRECTION ( 'NONE',  ( 0.0000000000000000000, -1.000000000000000000, -3.643269642991104000E-015 ) ) ;
#378 = ORIENTED_EDGE ( 'NONE', *, *, #2116, .F. ) ;
#379 = VERTEX_POINT ( 'NONE', #1401 ) ;
#380 = SURFACE_STYLE_USAGE ( .BOTH. , #315 ) ;
#381 = ORIENTED_EDGE ( 'NONE', *, *, #519, .T. ) ;
#382 = ORIENTED_EDGE ( 'NONE', *, *, #468, .F. ) ;
#383 = CARTESIAN_POINT ( 'NONE',  ( 15.30155279411105300, -1.900000000000056100, 15.50000000000000400 ) ) ;
#384 = COLOUR_RGB ( '',1.000000000000000000, 1.000000000000000000, 1.000000000000000000 ) ;
#385 = EDGE_CURVE ( 'NONE', #859, #277, #1172, .T. ) ;
#386 = CARTESIAN_POINT ( 'NONE',  ( 3.950000000000000200, -0.3000000000000103100, 2.526196565745118900 ) ) ;
#387 = EDGE_LOOP ( 'NONE', ( #378, #1121, #422, #1785 ) ) ;
#388 = CARTESIAN_POINT ( 'NONE',  ( 15.28284432347720700, -2.328494425167361800, 2.614762545032574400 ) ) ;
#389 = CARTESIAN_POINT ( 'NONE',  ( 1.250000000000000200, 0.2999999999999895000, 2.500000000000016000 ) ) ;
#390 = ADVANCED_FACE ( 'NONE', ( #2058 ), #2102, .F. ) ;
#391 = ORIENTED_EDGE ( 'NONE', *, *, #1732, .F. ) ;
#392 = EDGE_CURVE ( 'NONE', #1062, #321, #2175, .T. ) ;
#393 = VECTOR ( 'NONE', #874, 1000.000000000000000 ) ;
#394 = DIRECTION ( 'NONE',  ( 0.0000000000000000000, -1.000000000000000000, -3.491481338843133400E-015 ) ) ;
#395 = ORIENTED_EDGE ( 'NONE', *, *, #1828, .F. ) ;
#396 = LINE ( 'NONE', #1427, #1346 ) ;
#397 = CARTESIAN_POINT ( 'NONE',  ( 1.449999999999999100, 1.099999999999922200, 22.50000000000001400 ) ) ;
#398 = ORIENTED_EDGE ( 'NONE', *, *, #1053, .T. ) ;
#399 = VECTOR ( 'NONE', #184, 1000.000000000000000 ) ;
#400 = FACE_OUTER_BOUND ( 'NONE', #1946, .T. ) ;
#401 =( LENGTH_UNIT ( ) NAMED_UNIT ( * ) SI_UNIT ( .MILLI., .METRE. ) );
#402 = MECHANICAL_DESIGN_GEOMETRIC_PRESENTATION_REPRESENTATION (  '', ( #32 ), #525 ) ;
#403 = AXIS2_PLACEMENT_3D ( 'NONE', #937, #2133, #726 ) ;
#404 = EDGE_CURVE ( 'NONE', #1359, #1166, #2284, .T. ) ;
#405 = ORIENTED_EDGE ( 'NONE', *, *, #1233, .F. ) ;
#406 = EDGE_LOOP ( 'NONE', ( #1613, #695, #2000, #559 ) ) ;
#407 = DIRECTION ( 'NONE',  ( 4.956352788505164000E-017, 3.643269642991104000E-015, -1.000000000000000000 ) ) ;
#408 = LINE ( 'NONE', #1260, #837 ) ;
#409 = VECTOR ( 'NONE', #181, 1000.000000000000000 ) ;
#410 = VECTOR ( 'NONE', #1581, 1000.000000000000000 ) ;
#411 = LINE ( 'NONE', #562, #1844 ) ;
#412 =( GEOMETRIC_REPRESENTATION_CONTEXT ( 3 ) GLOBAL_UNCERTAINTY_ASSIGNED_CONTEXT ( ( #776 ) ) GLOBAL_UNIT_ASSIGNED_CONTEXT ( ( #2229, #993, #2047 ) ) REPRESENTATION_CONTEXT ( 'NONE', 'WORKASPACE' ) );
#413 = VECTOR ( 'NONE', #135, 1000.000000000000000 ) ;
#415 = EDGE_CURVE ( 'NONE', #1692, #2149, #303, .T. ) ;
#414 = CARTESIAN_POINT ( 'NONE',  ( 15.45000000000000100, 1.500000000000211200, 28.50000000000001100 ) ) ;
#416 = CARTESIAN_POINT ( 'NONE',  ( -4.549999999999998900, 3.099999999999899700, 28.37774935985618900 ) ) ;
#417 = AXIS2_PLACEMENT_3D ( 'NONE', #179, #2245, #50 ) ;
#418 = ORIENTED_EDGE ( 'NONE', *, *, #2187, .F. ) ;
#419 = VERTEX_POINT ( 'NONE', #293 ) ;
#420 = VECTOR ( 'NONE', #814, 1000.000000000000000 ) ;
#421 = EDGE_CURVE ( 'NONE', #1139, #1155, #1869, .T. ) ;
#422 = ORIENTED_EDGE ( 'NONE', *, *, #1502, .T. ) ;
#423 = DIRECTION ( 'NONE',  ( 0.7071067811865463500, -2.468850131082270100E-015, 0.7071067811865487900 ) ) ;
#424 = VECTOR ( 'NONE', #2158, 1000.000000000000000 ) ;
#425 = LINE ( 'NONE', #389, #1533 ) ;
#426 = CARTESIAN_POINT ( 'NONE',  ( -3.550000000000000300, -1.900000000000052800, 14.79746145598812600 ) ) ;
#427 = CARTESIAN_POINT ( 'NONE',  ( 10.40000000000000200, -0.2999999999999409300, -17.49999999999999600 ) ) ;
#428 = DIRECTION ( 'NONE',  ( -1.000000000000000000, 6.056754644426116500E-031, -1.734723475976807100E-016 ) ) ;
#429 = DIRECTION ( 'NONE',  ( 0.0000000000000000000, -1.000000000000000000, -3.491481338843133400E-015 ) ) ;
#430 = ORIENTED_EDGE ( 'NONE', *, *, #270, .F. ) ;
#431 = ORIENTED_EDGE ( 'NONE', *, *, #2205, .F. ) ;
#432 = VERTEX_POINT ( 'NONE', #301 ) ;
#433 = ORIENTED_EDGE ( 'NONE', *, *, #1524, .F. ) ;
#434 = DIRECTION ( 'NONE',  ( 0.0000000000000000000, -1.000000000000000000, -3.491481338843133400E-015 ) ) ;
#435 = EDGE_CURVE ( 'NONE', #977, #1609, #1445, .T. ) ;
#436 = ORIENTED_EDGE ( 'NONE', *, *, #139, .F. ) ;
#437 = FACE_OUTER_BOUND ( 'NONE', #481, .T. ) ;
#438 = CARTESIAN_POINT ( 'NONE',  ( 11.40000000000000000, 3.100000000000000500, 1.387778780781445700E-014 ) ) ;
#439 = VECTOR ( 'NONE', #619, 1000.000000000000000 ) ;
#440 = CARTESIAN_POINT ( 'NONE',  ( 15.39760686850978600, 0.3000000000000727600, 28.49999999999999600 ) ) ;
#441 = VERTEX_POINT ( 'NONE', #1932 ) ;
#442 = CARTESIAN_POINT ( 'NONE',  ( 5.450000000000001100, 1.099999999999970800, 8.500000000000012400 ) ) ;
#443 = ORIENTED_EDGE ( 'NONE', *, *, #1434, .T. ) ;
#444 = DIRECTION ( 'NONE',  ( 1.000000000000000000, 0.0000000000000000000, 0.0000000000000000000 ) ) ;
#445 = CIRCLE ( 'NONE', #2092, 0.7499999999999997800 ) ;
#446 = LINE ( 'NONE', #17, #2068 ) ;
#447 = DIRECTION ( 'NONE',  ( 0.0000000000000000000, -3.491481338843133400E-015, 1.000000000000000000 ) ) ;
#448 = VERTEX_POINT ( 'NONE', #484 ) ;
#449 = DIRECTION ( 'NONE',  ( 0.0000000000000000000, 1.000000000000000000, 3.491481338843133400E-015 ) ) ;
#450 = EDGE_CURVE ( 'NONE', #269, #880, #2340, .T. ) ;
#451 = AXIS2_PLACEMENT_3D ( 'NONE', #1967, #2155, #898 ) ;
#452 = DIRECTION ( 'NONE',  ( -1.000000000000000000, -0.0000000000000000000, 0.0000000000000000000 ) ) ;
#453 = CARTESIAN_POINT ( 'NONE',  ( 9.650000000000000400, 0.2999999999999964400, 0.7500000000000075500 ) ) ;
#454 = AXIS2_PLACEMENT_3D ( 'NONE', #2115, #2141, #665 ) ;
#455 = EDGE_LOOP ( 'NONE', ( #133, #1738, #1261, #535 ) ) ;
#456 = SHAPE_DEFINITION_REPRESENTATION ( #2214, #332 ) ;
#457 = LINE ( 'NONE', #58, #2295 ) ;
#458 = CARTESIAN_POINT ( 'NONE',  ( -3.550000000000000300, -1.900000000000080500, 22.50000000000000000 ) ) ;
#459 = ORIENTED_EDGE ( 'NONE', *, *, #1455, .T. ) ;
#460 = EDGE_CURVE ( 'NONE', #878, #300, #356, .T. ) ;
#461 = LINE ( 'NONE', #935, #1403 ) ;
#462 = ORIENTED_EDGE ( 'NONE', *, *, #1360, .T. ) ;
#463 = ORIENTED_EDGE ( 'NONE', *, *, #2159, .F. ) ;
#464 = FACE_OUTER_BOUND ( 'NONE', #1440, .T. ) ;
#465 = DIRECTION ( 'NONE',  ( 1.000000000000000000, -5.191503980936672400E-031, 1.486905836551549300E-016 ) ) ;
#466 = CARTESIAN_POINT ( 'NONE',  ( 15.45000000000000100, 0.3000000000001646900, 2.500000000000009300 ) ) ;
#467 = SURFACE_SIDE_STYLE ('',( #283 ) ) ;
#468 = EDGE_CURVE ( 'NONE', #1155, #1846, #1115, .T. ) ;
#469 = DIRECTION ( 'NONE',  ( 0.0000000000000000000, -1.000000000000000000, -3.491481338843133400E-015 ) ) ;
#470 = AXIS2_PLACEMENT_3D ( 'NONE', #2030, #1389, #1320 ) ;
#471 = CARTESIAN_POINT ( 'NONE',  ( -4.549999999999998000, -1.900000000000011000, 2.499999999999998700 ) ) ;
#472 = DIRECTION ( 'NONE',  ( -1.000000000000000000, 1.730501326978890800E-031, -4.956352788505164000E-017 ) ) ;
#473 = VERTEX_POINT ( 'NONE', #491 ) ;
#474 = EDGE_LOOP ( 'NONE', ( #2055, #930, #2028, #732 ) ) ;
#475 = CARTESIAN_POINT ( 'NONE',  ( 12.15000000000000000, 3.099999999999945000, 15.50000000000002100 ) ) ;
#476 = EDGE_CURVE ( 'NONE', #1112, #145, #674, .T. ) ;
#477 = VECTOR ( 'NONE', #853, 1000.000000000000000 ) ;
#478 = ADVANCED_FACE ( 'NONE', ( #1999 ), #1332, .F. ) ;
#479 = ORIENTED_EDGE ( 'NONE', *, *, #807, .T. ) ;
#480 = CARTESIAN_POINT ( 'NONE',  ( 15.33673126115010500, -1.094280638584398400, 24.72697014588089800 ) ) ;
#481 = EDGE_LOOP ( 'NONE', ( #381, #821, #877, #100 ) ) ;
#482 = DIRECTION ( 'NONE',  ( 4.956352788505164600E-017, 3.491481338843133400E-015, -1.000000000000000000 ) ) ;
#483 = PLANE ( 'NONE',  #1628 ) ;
#484 = CARTESIAN_POINT ( 'NONE',  ( -1.252538544011889500, -1.900000000000080500, 22.50000000000000000 ) ) ;
#485 = MECHANICAL_DESIGN_GEOMETRIC_PRESENTATION_REPRESENTATION (  '', ( #242 ), #603 ) ;
#486 = DIRECTION ( 'NONE',  ( -0.0000000000000000000, 0.04361938736532879100, 0.9990482215818581300 ) ) ;
#487 = ORIENTED_EDGE ( 'NONE', *, *, #1132, .F. ) ;
#488 = FACE_OUTER_BOUND ( 'NONE', #921, .T. ) ;
#489 = EDGE_CURVE ( 'NONE', #1697, #2169, #553, .T. ) ;
#490 = LINE ( 'NONE', #2045, #2354 ) ;
#491 = CARTESIAN_POINT ( 'NONE',  ( 5.950000000000002800, 0.3000000000000623800, -17.49999999999998900 ) ) ;
#492 = CARTESIAN_POINT ( 'NONE',  ( 5.949999999999998400, 3.100000000000000500, 2.081668171172168500E-014 ) ) ;
#493 = LINE ( 'NONE', #882, #910 ) ;
#494 = ADVANCED_FACE ( 'NONE', ( #1510 ), #1267, .F. ) ;
#495 = VERTEX_POINT ( 'NONE', #2129 ) ;
#496 = VERTEX_POINT ( 'NONE', #1070 ) ;
#497 = CARTESIAN_POINT ( 'NONE',  ( 0.5000000000000004400, -0.3000000000000016500, 0.0000000000000000000 ) ) ;
#498 = AXIS2_PLACEMENT_3D ( 'NONE', #843, #976, #1085 ) ;
#499 = CARTESIAN_POINT ( 'NONE',  ( 5.450000000000001100, 1.099999999999970800, 8.500000000000012400 ) ) ;
#500 = DIRECTION ( 'NONE',  ( 4.956352788505164000E-017, 3.491481338843133400E-015, -1.000000000000000000 ) ) ;
#501 = VECTOR ( 'NONE', #1755, 1000.000000000000000 ) ;
#502 = SURFACE_STYLE_FILL_AREA ( #2308 ) ;
#503 = ORIENTED_EDGE ( 'NONE', *, *, #686, .F. ) ;
#504 = LINE ( 'NONE', #2007, #1069 ) ;
#505 = COLOUR_RGB ( '',1.000000000000000000, 1.000000000000000000, 1.000000000000000000 ) ;
#506 = LINE ( 'NONE', #349, #2093 ) ;
#507 = DIRECTION ( 'NONE',  ( 0.0000000000000000000, -1.000000000000000000, -3.491481338843133400E-015 ) ) ;
#508 = CARTESIAN_POINT ( 'NONE',  ( 12.15000000000000000, 0.2999999999999895000, 2.500000000000016000 ) ) ;
#509 = EDGE_CURVE ( 'NONE', #2204, #712, #986, .T. ) ;
#510 = ORIENTED_EDGE ( 'NONE', *, *, #1040, .F. ) ;
#511 = CARTESIAN_POINT ( 'NONE',  ( -4.549999999999998900, 1.499999999999913000, 24.50000000000001400 ) ) ;
#512 = VECTOR ( 'NONE', #249, 1000.000000000000000 ) ;
#513 = CARTESIAN_POINT ( 'NONE',  ( 1.250000000000000200, 0.2999999999999895000, 2.500000000000016000 ) ) ;
#514 = EDGE_CURVE ( 'NONE', #1890, #1802, #408, .T. ) ;
#515 = EDGE_LOOP ( 'NONE', ( #1513, #2097, #7, #231, #395, #2246, #79, #2057 ) ) ;
#516 = DIRECTION ( 'NONE',  ( 0.7071067811865487900, 2.468850131082261400E-015, -0.7071067811865463500 ) ) ;
#517 = VECTOR ( 'NONE', #1961, 1000.000000000000000 ) ;
#518 = PLANE ( 'NONE',  #1843 ) ;
#519 = EDGE_CURVE ( 'NONE', #1056, #977, #828, .T. ) ;
#520 = ADVANCED_FACE ( 'NONE', ( #215 ), #1948, .F. ) ;
#521 = CLOSED_SHELL ( 'NONE', ( #2002, #478, #1976, #2247, #1474, #172, #1363, #1836, #2198, #1333, #1691, #1902, #346, #390, #1338, #5, #1274, #1405, #1820, #923, #550, #86, #969, #1610, #221, #494, #564, #1804, #344, #1230, #1998, #1648, #1215, #551, #1821, #153, #1577, #2134, #22, #1004, #1623, #1980, #1209 ) ) ;
#522 = CARTESIAN_POINT ( 'NONE',  ( 15.45000000000000100, 1.500000000000211200, 28.50000000000001100 ) ) ;
#523 = ORIENTED_EDGE ( 'NONE', *, *, #807, .F. ) ;
#524 = CLOSED_SHELL ( 'NONE', ( #1958, #1354, #520, #700, #2285, #307, #639, #764, #2333, #237 ) ) ;
#525 =( GEOMETRIC_REPRESENTATION_CONTEXT ( 3 ) GLOBAL_UNCERTAINTY_ASSIGNED_CONTEXT ( ( #196 ) ) GLOBAL_UNIT_ASSIGNED_CONTEXT ( ( #302, #2072, #1604 ) ) REPRESENTATION_CONTEXT ( 'NONE', 'WORKASPACE' ) );
#526 = ADVANCED_FACE ( 'NONE', ( #437 ), #2144, .F. ) ;
#527 = ORIENTED_EDGE ( 'NONE', *, *, #1280, .T. ) ;
#528 = DIRECTION ( 'NONE',  ( 0.08715574274765476600, -0.9961946980917457700, -3.478195198241799500E-015 ) ) ;
#529 = FACE_OUTER_BOUND ( 'NONE', #1763, .T. ) ;
#530 = CARTESIAN_POINT ( 'NONE',  ( 6.950000000000001100, -0.3000000000000103100, 2.526196565745118900 ) ) ;
#531 = FACE_OUTER_BOUND ( 'NONE', #387, .T. ) ;
#532 = CIRCLE ( 'NONE', #1539, 1.000000000000000000 ) ;
#533 = EDGE_CURVE ( 'NONE', #1181, #441, #10, .T. ) ;
#534 = LINE ( 'NONE', #546, #2150 ) ;
#535 = ORIENTED_EDGE ( 'NONE', *, *, #1434, .F. ) ;
#536 = LINE ( 'NONE', #2143, #1423 ) ;
#537 = ORIENTED_EDGE ( 'NONE', *, *, #1103, .F. ) ;
#538 = CARTESIAN_POINT ( 'NONE',  ( 6.950000000000001100, 0.2999999999999895000, 2.500000000000016000 ) ) ;
#539 = ORIENTED_EDGE ( 'NONE', *, *, #2276, .F. ) ;
#540 = DIRECTION ( 'NONE',  ( 0.0000000000000000000, -1.000000000000000000, -3.491481338843133400E-015 ) ) ;
#541 = ADVANCED_FACE ( 'NONE', ( #1673 ), #150, .F. ) ;
#542 = FILL_AREA_STYLE_COLOUR ( '', #727 ) ;
#543 = AXIS2_PLACEMENT_3D ( 'NONE', #43, #1404, #1 ) ;
#544 = LINE ( 'NONE', #1560, #1931 ) ;
#545 = LINE ( 'NONE', #1526, #2297 ) ;
#546 = CARTESIAN_POINT ( 'NONE',  ( 8.699999999999999300, 1.099999999999922200, 22.50000000000001400 ) ) ;
#547 = CARTESIAN_POINT ( 'NONE',  ( 5.950000000000001100, -0.3000000000000016500, 6.938893903907228400E-015 ) ) ;
#548 = EDGE_CURVE ( 'NONE', #1175, #1171, #1826, .T. ) ;
#549 = DIRECTION ( 'NONE',  ( 0.0000000000000000000, -1.000000000000000000, -3.491481338843133400E-015 ) ) ;
#550 = ADVANCED_FACE ( 'NONE', ( #324 ), #2225, .F. ) ;
#551 = ADVANCED_FACE ( 'NONE', ( #699 ), #1794, .F. ) ;
#552 = DIRECTION ( 'NONE',  ( 0.0000000000000000000, -1.000000000000000000, -3.491481338843133400E-015 ) ) ;
#553 = LINE ( 'NONE', #312, #1642 ) ;
#554 = FACE_OUTER_BOUND ( 'NONE', #2168, .T. ) ;
#555 = VECTOR ( 'NONE', #2183, 1000.000000000000000 ) ;
#556 = LINE ( 'NONE', #480, #1588 ) ;
#557 = FACE_OUTER_BOUND ( 'NONE', #1016, .T. ) ;
#558 = DIRECTION ( 'NONE',  ( -0.04357795025174346400, 0.9980991556472296200, 0.04357795025174753700 ) ) ;
#559 = ORIENTED_EDGE ( 'NONE', *, *, #1838, .T. ) ;
#560 = ORIENTED_EDGE ( 'NONE', *, *, #2089, .F. ) ;
#561 = EDGE_CURVE ( 'NONE', #1414, #1644, #193, .T. ) ;
#562 = CARTESIAN_POINT ( 'NONE',  ( -4.549999999999998000, 1.500000000000301500, 2.500000000000009300 ) ) ;
#563 = FACE_OUTER_BOUND ( 'NONE', #2052, .T. ) ;
#564 = ADVANCED_FACE ( 'NONE', ( #739 ), #1100, .T. ) ;
#565 = CARTESIAN_POINT ( 'NONE',  ( 11.40000000000000000, 3.100000000000059200, -17.49999999999998200 ) ) ;
#566 = LINE ( 'NONE', #1364, #173 ) ;
#567 = ORIENTED_EDGE ( 'NONE', *, *, #2292, .F. ) ;
#568 = LINE ( 'NONE', #235, #2326 ) ;
#569 = ORIENTED_EDGE ( 'NONE', *, *, #1708, .F. ) ;
#570 = CARTESIAN_POINT ( 'NONE',  ( 4.700000000000001100, 1.099999999999970800, 8.500000000000007100 ) ) ;
#571 = CARTESIAN_POINT ( 'NONE',  ( 7.100000000000001400, 3.099999999999920600, 22.50000000000002100 ) ) ;
#572 = VECTOR ( 'NONE', #1357, 1000.000000000000000 ) ;
#573 = ADVANCED_FACE ( 'NONE', ( #529 ), #1661, .F. ) ;
#574 = CARTESIAN_POINT ( 'NONE',  ( 0.4999999999999961100, 0.2999999999999999300, 0.0000000000000000000 ) ) ;
#575 = EDGE_CURVE ( 'NONE', #1548, #1590, #2310, .T. ) ;
#576 = ORIENTED_EDGE ( 'NONE', *, *, #1531, .T. ) ;
#577 = PRESENTATION_LAYER_ASSIGNMENT (  '', '', ( #1938 ) ) ;
#578 = CARTESIAN_POINT ( 'NONE',  ( 10.40000000000000000, -0.3000000000000016500, 0.0000000000000000000 ) ) ;
#579 = ORIENTED_EDGE ( 'NONE', *, *, #975, .F. ) ;
#580 = EDGE_LOOP ( 'NONE', ( #1492, #2050, #957, #1064 ) ) ;
#581 = CARTESIAN_POINT ( 'NONE',  ( 15.28284432347720700, -2.328494425167452000, 28.38523745496742400 ) ) ;
#582 = EDGE_LOOP ( 'NONE', ( #1842, #1840, #846, #2335, #1606, #1396, #1488, #659, #2053, #443, #585, #989, #1927, #626, #1652, #835, #67, #1868, #1952, #1266, #38, #1413 ) ) ;
#583 = EDGE_CURVE ( 'NONE', #419, #226, #744, .T. ) ;
#584 = UNCERTAINTY_MEASURE_WITH_UNIT (LENGTH_MEASURE( 1.000000000000000100E-005 ), #1574, 'distance_accuracy_value', 'NONE');
#585 = ORIENTED_EDGE ( 'NONE', *, *, #460, .T. ) ;
#586 = SURFACE_SIDE_STYLE ('',( #1212 ) ) ;
#587 = DIRECTION ( 'NONE',  ( -1.000000000000000000, 0.0000000000000000000, 0.0000000000000000000 ) ) ;
#588 = AXIS2_PLACEMENT_3D ( 'NONE', #929, #1336, #1262 ) ;
#589 = LINE ( 'NONE', #1282, #555 ) ;
#590 = SURFACE_STYLE_FILL_AREA ( #313 ) ;
#591 = CARTESIAN_POINT ( 'NONE',  ( 4.950000000000000200, 0.2999999999999895000, 2.500000000000016000 ) ) ;
#592 = CIRCLE ( 'NONE', #1527, 0.7499999999999997800 ) ;
#593 = EDGE_CURVE ( 'NONE', #1382, #1790, #2120, .T. ) ;
#594 = CARTESIAN_POINT ( 'NONE',  ( -4.550000000000000700, 1.499999999999954500, 12.50000000000001200 ) ) ;
#595 = COLOUR_RGB ( '',1.000000000000000000, 1.000000000000000000, 1.000000000000000000 ) ;
#596 = CARTESIAN_POINT ( 'NONE',  ( 15.39770636504421100, 0.3022788452975450600, 2.500099496534451000 ) ) ;
#597 = ORIENTED_EDGE ( 'NONE', *, *, #2263, .T. ) ;
#598 = LINE ( 'NONE', #1670, #113 ) ;
#599 = ADVANCED_FACE ( 'NONE', ( #276 ), #1265, .T. ) ;
#600 = DIRECTION ( 'NONE',  ( 0.7071067811865483500, 2.468850131082262600E-015, -0.7071067811865466800 ) ) ;
#601 = DIRECTION ( 'NONE',  ( 0.0000000000000000000, -1.000000000000000000, -3.491481338843133400E-015 ) ) ;
#602 = CARTESIAN_POINT ( 'NONE',  ( -4.549999999999998000, 1.500000000000301500, 2.500000000000009300 ) ) ;
#603 =( GEOMETRIC_REPRESENTATION_CONTEXT ( 3 ) GLOBAL_UNCERTAINTY_ASSIGNED_CONTEXT ( ( #295 ) ) GLOBAL_UNIT_ASSIGNED_CONTEXT ( ( #1752, #1883, #1911 ) ) REPRESENTATION_CONTEXT ( 'NONE', 'WORKASPACE' ) );
#604 = VERTEX_POINT ( 'NONE', #630 ) ;
#605 = EDGE_CURVE ( 'NONE', #321, #1700, #2218, .T. ) ;
#606 = VERTEX_POINT ( 'NONE', #2258 ) ;
#607 = ORIENTED_EDGE ( 'NONE', *, *, #944, .T. ) ;
#608 = DIRECTION ( 'NONE',  ( -6.672013369141566700E-017, -3.491481338843133400E-015, 1.000000000000000000 ) ) ;
#609 = CARTESIAN_POINT ( 'NONE',  ( -3.550000000000000300, -1.900000000000087400, 24.79746145598811300 ) ) ;
#610 = VECTOR ( 'NONE', #429, 1000.000000000000000 ) ;
#611 = PRODUCT ( 'TO-3P(L)', 'TO-3P(L)', '', ( #111 ) ) ;
#612 = ORIENTED_EDGE ( 'NONE', *, *, #1191, .T. ) ;
#613 = FACE_OUTER_BOUND ( 'NONE', #777, .T. ) ;
#614 = AXIS2_PLACEMENT_3D ( 'NONE', #1054, #2287, #1235 ) ;
#615 = ORIENTED_EDGE ( 'NONE', *, *, #1524, .T. ) ;
#616 = ORIENTED_EDGE ( 'NONE', *, *, #278, .T. ) ;
#617 = VECTOR ( 'NONE', #2325, 1000.000000000000000 ) ;
#618 = DIRECTION ( 'NONE',  ( 0.0000000000000000000, 3.643269642991104000E-015, -1.000000000000000000 ) ) ;
#619 = DIRECTION ( 'NONE',  ( 0.0000000000000000000, -1.000000000000000000, -3.491481338843133400E-015 ) ) ;
#620 = AXIS2_PLACEMENT_3D ( 'NONE', #1128, #737, #1702 ) ;
#621 = PLANE ( 'NONE',  #834 ) ;
#622 = CARTESIAN_POINT ( 'NONE',  ( 0.4999999999999961100, -0.2999999999999999300, 0.0000000000000000000 ) ) ;
#623 = LINE ( 'NONE', #1200, #1562 ) ;
#624 = DIRECTION ( 'NONE',  ( -0.04357795025174549700, -0.9980991556472295100, -0.04357795025174755100 ) ) ;
#625 = CARTESIAN_POINT ( 'NONE',  ( -4.497606868509787000, 0.3000000000001629700, 2.500000000000016000 ) ) ;
#626 = ORIENTED_EDGE ( 'NONE', *, *, #450, .T. ) ;
#627 = DIRECTION ( 'NONE',  ( -0.7071067811865466800, 2.576180670250104700E-015, -0.7071067811865483500 ) ) ;
#628 = PRESENTATION_STYLE_ASSIGNMENT (( #1731 ) ) ;
#629 = DIRECTION ( 'NONE',  ( 1.000000000000000000, 0.0000000000000000000, -0.0000000000000000000 ) ) ;
#630 = CARTESIAN_POINT ( 'NONE',  ( -0.5000000000000004400, -0.3000000000000016500, 0.0000000000000000000 ) ) ;
#631 = VECTOR ( 'NONE', #1380, 1000.000000000000000 ) ;
#632 = CARTESIAN_POINT ( 'NONE',  ( 9.650000000000000400, 3.099999999999997000, 0.7500000000000145400 ) ) ;
#633 = ADVANCED_FACE ( 'NONE', ( #1663 ), #1010, .F. ) ;
#634 = CIRCLE ( 'NONE', #753, 2.000000000000000000 ) ;
#635 = DIRECTION ( 'NONE',  ( 1.000000000000000000, 0.0000000000000000000, 0.0000000000000000000 ) ) ;
#636 = EDGE_CURVE ( 'NONE', #300, #1464, #854, .T. ) ;
#637 = DIRECTION ( 'NONE',  ( -1.000000000000000000, 0.0000000000000000000, 0.0000000000000000000 ) ) ;
#638 = CARTESIAN_POINT ( 'NONE',  ( -4.382844323477213400, -2.328494425167344500, 2.614762545032567300 ) ) ;
#639 = ADVANCED_FACE ( 'NONE', ( #666 ), #1788, .F. ) ;
#640 = ORIENTED_EDGE ( 'NONE', *, *, #2213, .F. ) ;
#641 = CARTESIAN_POINT ( 'NONE',  ( -3.550000000000000300, 1.499999999999926700, 20.50000000000001100 ) ) ;
#642 = EDGE_CURVE ( 'NONE', #496, #330, #2236, .T. ) ;
#643 = VERTEX_POINT ( 'NONE', #1634 ) ;
#644 = EDGE_CURVE ( 'NONE', #145, #1112, #1824, .T. ) ;
#645 = VERTEX_POINT ( 'NONE', #1203 ) ;
#646 = CARTESIAN_POINT ( 'NONE',  ( 14.45000000000000100, 1.499999999999950900, 13.50000000000001400 ) ) ;
#647 = DIRECTION ( 'NONE',  ( -1.000000000000000000, 1.730501326978890800E-031, -4.956352788505164000E-017 ) ) ;
#648 = VERTEX_POINT ( 'NONE', #1254 ) ;
#649 = DIRECTION ( 'NONE',  ( 0.7071067811865466800, -2.560727392647118000E-015, 0.7071067811865483500 ) ) ;
#650 = LINE ( 'NONE', #414, #2071 ) ;
#651 = UNCERTAINTY_MEASURE_WITH_UNIT (LENGTH_MEASURE( 1.000000000000000100E-005 ), #1038, 'distance_accuracy_value', 'NONE');
#652 = LINE ( 'NONE', #2306, #1561 ) ;
#653 = VERTEX_POINT ( 'NONE', #1653 ) ;
#654 = CARTESIAN_POINT ( 'NONE',  ( -0.5000000000000004400, 3.100000000000000500, 1.387778780781445700E-014 ) ) ;
#655 = ORIENTED_EDGE ( 'NONE', *, *, #1761, .F. ) ;
#656 = CARTESIAN_POINT ( 'NONE',  ( -4.414029279191542100, -1.614241510848100500, 12.22753917231896600 ) ) ;
#657 = SURFACE_SIDE_STYLE ('',( #502 ) ) ;
#658 = AXIS2_PLACEMENT_3D ( 'NONE', #1161, #792, #809 ) ;
#659 = ORIENTED_EDGE ( 'NONE', *, *, #1158, .T. ) ;
#660 = CARTESIAN_POINT ( 'NONE',  ( -4.383759969913456600, -2.307522673866456900, 20.16688492991880800 ) ) ;
#661 = EDGE_CURVE ( 'NONE', #190, #1846, #1372, .T. ) ;
#662 = LINE ( 'NONE', #571, #112 ) ;
#663 = ORIENTED_EDGE ( 'NONE', *, *, #1135, .F. ) ;
#664 = FACE_OUTER_BOUND ( 'NONE', #64, .T. ) ;
#665 = DIRECTION ( 'NONE',  ( 0.0000000000000000000, -3.621415408221843200E-015, 1.000000000000000000 ) ) ;
#666 = FACE_OUTER_BOUND ( 'NONE', #210, .T. ) ;
#667 = AXIS2_PLACEMENT_3D ( 'NONE', #1317, #486, #894 ) ;
#668 = DIRECTION ( 'NONE',  ( 1.000000000000000000, 0.0000000000000000000, 0.0000000000000000000 ) ) ;
#669 = ORIENTED_EDGE ( 'NONE', *, *, #1694, .T. ) ;
#670 = CARTESIAN_POINT ( 'NONE',  ( 3.800000000000000300, 3.099999999999920600, 22.50000000000002100 ) ) ;
#671 = ORIENTED_EDGE ( 'NONE', *, *, #1103, .T. ) ;
#672 = DIRECTION ( 'NONE',  ( 1.000000000000000000, 0.0000000000000000000, -0.0000000000000000000 ) ) ;
#673 = EDGE_CURVE ( 'NONE', #1263, #794, #354, .T. ) ;
#674 = CIRCLE ( 'NONE', #1005, 0.7500000000000006700 ) ;
#675 = DIRECTION ( 'NONE',  ( 0.0000000000000000000, -1.000000000000000000, -3.491481338843133400E-015 ) ) ;
#676 = VECTOR ( 'NONE', #1393, 1000.000000000000000 ) ;
#677 = EDGE_LOOP ( 'NONE', ( #2196, #527, #1522, #539 ) ) ;
#678 = CARTESIAN_POINT ( 'NONE',  ( 1.250000000000000200, -0.3000000000000103100, 2.526196565745118900 ) ) ;
#679 = ORIENTED_EDGE ( 'NONE', *, *, #1329, .T. ) ;
#680 = ORIENTED_EDGE ( 'NONE', *, *, #2031, .T. ) ;
#681 = ORIENTED_EDGE ( 'NONE', *, *, #421, .F. ) ;
#682 = DIRECTION ( 'NONE',  ( -1.000000000000000000, 0.0000000000000000000, 0.0000000000000000000 ) ) ;
#683 = DIRECTION ( 'NONE',  ( 0.0000000000000000000, -1.000000000000000000, -3.491481338843133400E-015 ) ) ;
#684 = FACE_OUTER_BOUND ( 'NONE', #972, .T. ) ;
#685 = VECTOR ( 'NONE', #624, 1000.000000000000100 ) ;
#686 = EDGE_CURVE ( 'NONE', #880, #1062, #1512, .T. ) ;
#687 = ORIENTED_EDGE ( 'NONE', *, *, #1862, .F. ) ;
#688 = ORIENTED_EDGE ( 'NONE', *, *, #899, .T. ) ;
#689 = VECTOR ( 'NONE', #2170, 1000.000000000000000 ) ;
#690 = CARTESIAN_POINT ( 'NONE',  ( 0.5000000000000004400, 0.2999999999999999300, 0.0000000000000000000 ) ) ;
#691 = ORIENTED_EDGE ( 'NONE', *, *, #509, .F. ) ;
#692 = AXIS2_PLACEMENT_3D ( 'NONE', #720, #2339, #1296 ) ;
#693 = ADVANCED_FACE ( 'NONE', ( #71 ), #2243, .F. ) ;
#694 = CARTESIAN_POINT ( 'NONE',  ( 10.40000000000000000, 0.2999999999999999300, 3.469446951953614200E-015 ) ) ;
#695 = ORIENTED_EDGE ( 'NONE', *, *, #823, .T. ) ;
#696 = DIRECTION ( 'NONE',  ( 0.0000000000000000000, 3.643269642991104000E-015, -1.000000000000000000 ) ) ;
#697 = CARTESIAN_POINT ( 'NONE',  ( -3.550000000000000300, 1.499999999999950900, 13.50000000000001400 ) ) ;
#698 = ORIENTED_EDGE ( 'NONE', *, *, #1299, .F. ) ;
#699 = FACE_OUTER_BOUND ( 'NONE', #54, .T. ) ;
#700 = ADVANCED_FACE ( 'NONE', ( #554 ), #1596, .F. ) ;
#701 = EDGE_CURVE ( 'NONE', #1726, #495, #1044, .T. ) ;
#702 = MECHANICAL_DESIGN_GEOMETRIC_PRESENTATION_REPRESENTATION (  '', ( #1938 ), #840 ) ;
#703 = DIRECTION ( 'NONE',  ( -0.04345371644180986300, -0.9952537335912752200, -0.08707341902108675600 ) ) ;
#704 = EDGE_LOOP ( 'NONE', ( #1052, #992, #253, #2319 ) ) ;
#705 = LINE ( 'NONE', #708, #774 ) ;
#706 = VECTOR ( 'NONE', #1757, 1000.000000000000000 ) ;
#707 = CONICAL_SURFACE ( 'NONE', #850, 1.297461455988124600, 0.08726646259971306000 ) ;
#708 = CARTESIAN_POINT ( 'NONE',  ( -4.401552794111058400, -1.900000000000056100, 15.50000000000000400 ) ) ;
#709 = DIRECTION ( 'NONE',  ( -1.486905836551549300E-016, -3.491481338843133400E-015, 1.000000000000000000 ) ) ;
#710 = FILL_AREA_STYLE ('',( #266 ) ) ;
#711 = VECTOR ( 'NONE', #748, 1000.000000000000000 ) ;
#712 = VERTEX_POINT ( 'NONE', #723 ) ;
#713 = CARTESIAN_POINT ( 'NONE',  ( 14.45000000000000100, -1.900000000000044100, 12.20253854401187600 ) ) ;
#714 = CARTESIAN_POINT ( 'NONE',  ( -4.549999999999998900, 1.499999999999926700, 20.50000000000001100 ) ) ;
#715 = ORIENTED_EDGE ( 'NONE', *, *, #533, .F. ) ;
#716 = VERTEX_POINT ( 'NONE', #1060 ) ;
#717 = AXIS2_PLACEMENT_3D ( 'NONE', #2013, #1130, #1665 ) ;
#718 = PLANE ( 'NONE',  #1399 ) ;
#719 = VECTOR ( 'NONE', #2064, 1000.000000000000100 ) ;
#720 = CARTESIAN_POINT ( 'NONE',  ( 5.450000000000001100, 1.099999999999970800, 8.500000000000012400 ) ) ;
#721 = VERTEX_POINT ( 'NONE', #1887 ) ;
#722 = FACE_BOUND ( 'NONE', #838, .T. ) ;
#723 = CARTESIAN_POINT ( 'NONE',  ( 6.950000000000001100, 0.2999999999999964400, 1.000000000000018200 ) ) ;
#724 = ORIENTED_EDGE ( 'NONE', *, *, #415, .F. ) ;
#725 = FACE_OUTER_BOUND ( 'NONE', #1006, .T. ) ;
#726 = DIRECTION ( 'NONE',  ( 0.0000000000000000000, 0.9990482215818581300, -0.04361938736532790900 ) ) ;
#727 = COLOUR_RGB ( '',1.000000000000000000, 1.000000000000000000, 1.000000000000000000 ) ;
#728 = EDGE_CURVE ( 'NONE', #1590, #1609, #985, .T. ) ;
#729 = UNCERTAINTY_MEASURE_WITH_UNIT (LENGTH_MEASURE( 1.000000000000000100E-005 ), #2256, 'distance_accuracy_value', 'NONE');
#730 = DIRECTION ( 'NONE',  ( 0.0000000000000000000, -0.9961946980917461000, 0.08715574274765129600 ) ) ;
#731 = FILL_AREA_STYLE_COLOUR ( '', #1733 ) ;
#732 = ORIENTED_EDGE ( 'NONE', *, *, #1075, .T. ) ;
#733 = PLANE ( 'NONE',  #2318 ) ;
#734 = ORIENTED_EDGE ( 'NONE', *, *, #1132, .T. ) ;
#735 = DIRECTION ( 'NONE',  ( -6.672013369141565500E-017, -3.491481338843133400E-015, 1.000000000000000000 ) ) ;
#736 = CARTESIAN_POINT ( 'NONE',  ( 0.6999999999999992900, 1.099999999999922200, 22.50000000000001400 ) ) ;
#737 = DIRECTION ( 'NONE',  ( 0.0000000000000000000, -0.08715574274765841600, 0.9961946980917455500 ) ) ;
#738 = EDGE_CURVE ( 'NONE', #320, #1724, #803, .T. ) ;
#739 = FACE_OUTER_BOUND ( 'NONE', #907, .T. ) ;
#740 = DIRECTION ( 'NONE',  ( 0.0000000000000000000, -1.000000000000000000, -3.491481338843133400E-015 ) ) ;
#741 = DIRECTION ( 'NONE',  ( -0.04345371644180783700, 0.9952537335912752200, 0.08707341902108690900 ) ) ;
#742 = VERTEX_POINT ( 'NONE', #1809 ) ;
#743 = CARTESIAN_POINT ( 'NONE',  ( 15.30155279411105300, -1.900000000000044100, 12.20253854401187600 ) ) ;
#744 = LINE ( 'NONE', #1990, #126 ) ;
#745 = ORIENTED_EDGE ( 'NONE', *, *, #583, .T. ) ;
#746 = ORIENTED_EDGE ( 'NONE', *, *, #2116, .T. ) ;
#747 = EDGE_LOOP ( 'NONE', ( #2048, #612, #1923, #768, #1865, #1601, #616, #1666 ) ) ;
#748 = DIRECTION ( 'NONE',  ( 0.0000000000000000000, -1.000000000000000000, -3.491481338843133400E-015 ) ) ;
#749 = CARTESIAN_POINT ( 'NONE',  ( 5.450000000000001100, -1.900000000000044100, 12.20253854401187600 ) ) ;
#750 = AXIS2_PLACEMENT_3D ( 'NONE', #471, #1043, #2278 ) ;
#751 = FACE_BOUND ( 'NONE', #2337, .T. ) ;
#752 = VERTEX_POINT ( 'NONE', #1746 ) ;
#753 = AXIS2_PLACEMENT_3D ( 'NONE', #1144, #1711, #167 ) ;
#754 = VECTOR ( 'NONE', #1552, 1000.000000000000000 ) ;
#755 = ORIENTED_EDGE ( 'NONE', *, *, #2142, .T. ) ;
#756 = VECTOR ( 'NONE', #1347, 1000.000000000000000 ) ;
#757 = VERTEX_POINT ( 'NONE', #144 ) ;
#758 = DIRECTION ( 'NONE',  ( 0.0000000000000000000, -0.9990482215818581300, 0.04361938736532790200 ) ) ;
#759 = CARTESIAN_POINT ( 'NONE',  ( -1.249999999999999300, -0.3000000000000103100, 2.526196565745118900 ) ) ;
#760 = DIRECTION ( 'NONE',  ( 1.000000000000000000, 0.0000000000000000000, 0.0000000000000000000 ) ) ;
#761 =( NAMED_UNIT ( * ) SI_UNIT ( $, .STERADIAN. ) SOLID_ANGLE_UNIT ( ) );
#762 = CARTESIAN_POINT ( 'NONE',  ( 1.250000000000000200, 3.099999999999945000, 15.50000000000002000 ) ) ;
#763 = DIRECTION ( 'NONE',  ( 0.0000000000000000000, -1.000000000000000000, -3.491481338843133400E-015 ) ) ;
#764 = ADVANCED_FACE ( 'NONE', ( #358 ), #1094, .F. ) ;
#765 = EDGE_CURVE ( 'NONE', #419, #1414, #532, .T. ) ;
#766 = CARTESIAN_POINT ( 'NONE',  ( -4.550000000000000700, 1.499999999999954500, 12.50000000000001200 ) ) ;
#767 = AXIS2_PLACEMENT_3D ( 'NONE', #2191, #2203, #1825 ) ;
#768 = ORIENTED_EDGE ( 'NONE', *, *, #1324, .F. ) ;
#769 = COLOUR_RGB ( '',1.000000000000000000, 1.000000000000000000, 1.000000000000000000 ) ;
#770 = DIRECTION ( 'NONE',  ( 0.04357795025174347100, -0.9980991556472296200, -0.04357795025174868200 ) ) ;
#771 = ORIENTED_EDGE ( 'NONE', *, *, #1176, .F. ) ;
#772 = ORIENTED_EDGE ( 'NONE', *, *, #1732, .T. ) ;
#773 = DIRECTION ( 'NONE',  ( 0.0000000000000000000, -1.000000000000000000, -3.491481338843133400E-015 ) ) ;
#774 = VECTOR ( 'NONE', #368, 1000.000000000000000 ) ;
#775 = CIRCLE ( 'NONE', #1029, 0.7500000000000006700 ) ;
#776 = UNCERTAINTY_MEASURE_WITH_UNIT (LENGTH_MEASURE( 1.000000000000000100E-005 ), #2229, 'distance_accuracy_value', 'NONE');
#777 = EDGE_LOOP ( 'NONE', ( #255, #1012, #2220, #597 ) ) ;
#778 = EDGE_CURVE ( 'NONE', #1181, #1975, #129, .T. ) ;
#779 = ORIENTED_EDGE ( 'NONE', *, *, #2205, .T. ) ;
#780 = CARTESIAN_POINT ( 'NONE',  ( 15.45000000000000100, 1.500000000000294400, 2.552393131490249300 ) ) ;
#781 = FACE_OUTER_BOUND ( 'NONE', #1744, .T. ) ;
#782 = VECTOR ( 'NONE', #1680, 1000.000000000000000 ) ;
#783 = PLANE ( 'NONE',  #1781 ) ;
#784 = CARTESIAN_POINT ( 'NONE',  ( 4.700000000000001100, -1.900000000000031900, 8.500000000000007100 ) ) ;
#785 = STYLED_ITEM ( 'NONE', ( #251 ), #764 ) ;
#786 = FACE_OUTER_BOUND ( 'NONE', #1960, .T. ) ;
#787 = DIRECTION ( 'NONE',  ( -1.000000000000000000, 0.0000000000000000000, 0.0000000000000000000 ) ) ;
#788 = AXIS2_PLACEMENT_3D ( 'NONE', #2217, #232, #1549 ) ;
#789 = EDGE_CURVE ( 'NONE', #1501, #1675, #305, .T. ) ;
#790 = SURFACE_STYLE_FILL_AREA ( #710 ) ;
#791 = DIRECTION ( 'NONE',  ( 4.956352788505164000E-017, 3.643269642991104000E-015, -1.000000000000000000 ) ) ;
#792 = DIRECTION ( 'NONE',  ( 0.0000000000000000000, -1.000000000000000000, -3.491481338843133400E-015 ) ) ;
#793 = VERTEX_POINT ( 'NONE', #440 ) ;
#794 = VERTEX_POINT ( 'NONE', #427 ) ;
#795 = ADVANCED_FACE ( 'NONE', ( #1646 ), #78, .T. ) ;
#796 = CARTESIAN_POINT ( 'NONE',  ( 14.45000000000000100, 1.499999999999913000, 24.50000000000001400 ) ) ;
#797 = AXIS2_PLACEMENT_3D ( 'NONE', #1875, #600, #1721 ) ;
#798 = VERTEX_POINT ( 'NONE', #1736 ) ;
#799 = FACE_OUTER_BOUND ( 'NONE', #1637, .T. ) ;
#800 = CARTESIAN_POINT ( 'NONE',  ( 12.15000000000000000, 0.2999999999999895000, 2.500000000000016000 ) ) ;
#801 = STYLED_ITEM ( 'NONE', ( #1815 ), #1473 ) ;
#802 = FACE_OUTER_BOUND ( 'NONE', #1415, .T. ) ;
#803 = LINE ( 'NONE', #1778, #1676 ) ;
#804 = LINE ( 'NONE', #938, #101 ) ;
#805 = EDGE_LOOP ( 'NONE', ( #164, #1919, #63, #1126 ) ) ;
#806 = EDGE_CURVE ( 'NONE', #1747, #1181, #1725, .T. ) ;
#807 = EDGE_CURVE ( 'NONE', #716, #1748, #2146, .T. ) ;
#808 = PLANE ( 'NONE',  #797 ) ;
#809 = DIRECTION ( 'NONE',  ( 1.000000000000000000, 0.0000000000000000000, 0.0000000000000000000 ) ) ;
#810 = DIRECTION ( 'NONE',  ( 0.0000000000000000000, -1.000000000000000000, -3.491481338843133400E-015 ) ) ;
#811 = DIRECTION ( 'NONE',  ( 0.0000000000000000000, -1.000000000000000000, -3.491481338843133400E-015 ) ) ;
#812 = DIRECTION ( 'NONE',  ( 0.0000000000000000000, 1.000000000000000000, 3.621415408221843200E-015 ) ) ;
#813 = VECTOR ( 'NONE', #428, 1000.000000000000000 ) ;
#814 = DIRECTION ( 'NONE',  ( 0.0000000000000000000, -1.000000000000000000, -3.491481338843133400E-015 ) ) ;
#815 = EDGE_LOOP ( 'NONE', ( #140, #615, #243, #715 ) ) ;
#816 = VECTOR ( 'NONE', #1603, 1000.000000000000000 ) ;
#817 = CARTESIAN_POINT ( 'NONE',  ( 3.800000000000000300, -1.900000000000080500, 22.50000000000001400 ) ) ;
#818 = CARTESIAN_POINT ( 'NONE',  ( 15.45000000000000100, 1.500000000000211200, 28.50000000000001100 ) ) ;
#819 = CARTESIAN_POINT ( 'NONE',  ( 6.950000000000001100, -0.3000000000000103100, 2.526196565745118900 ) ) ;
#820 = VERTEX_POINT ( 'NONE', #137 ) ;
#821 = ORIENTED_EDGE ( 'NONE', *, *, #435, .T. ) ;
#822 = CARTESIAN_POINT ( 'NONE',  ( -1.249999999999999300, 3.099999999999997000, 0.7500000000000145400 ) ) ;
#823 = EDGE_CURVE ( 'NONE', #757, #842, #1245, .T. ) ;
#824 = PLANE ( 'NONE',  #1926 ) ;
#825 = CARTESIAN_POINT ( 'NONE',  ( 0.5000000000000013300, -0.2999999999999409300, -17.49999999999999600 ) ) ;
#826 = CARTESIAN_POINT ( 'NONE',  ( -1.550000000000000300, 1.499999999999919800, 22.50000000000000700 ) ) ;
#827 = ORIENTED_EDGE ( 'NONE', *, *, #347, .T. ) ;
#828 = LINE ( 'NONE', #136, #2197 ) ;
#829 = SURFACE_STYLE_USAGE ( .BOTH. , #2078 ) ;
#830 = LINE ( 'NONE', #940, #893 ) ;
#831 = LINE ( 'NONE', #1941, #927 ) ;
#832 = DIRECTION ( 'NONE',  ( -0.7071067811865487900, -2.576180670250097200E-015, 0.7071067811865463500 ) ) ;
#833 = CIRCLE ( 'NONE', #1671, 1.650000000000000400 ) ;
#834 = AXIS2_PLACEMENT_3D ( 'NONE', #819, #80, #88 ) ;
#835 = ORIENTED_EDGE ( 'NONE', *, *, #392, .T. ) ;
#836 = CARTESIAN_POINT ( 'NONE',  ( 11.40000000000000000, 0.3000000000000623800, -17.49999999999998900 ) ) ;
#837 = VECTOR ( 'NONE', #2307, 1000.000000000000000 ) ;
#838 = EDGE_LOOP ( 'NONE', ( #1460, #1559 ) ) ;
#839 = EDGE_CURVE ( 'NONE', #123, #1464, #1944, .T. ) ;
#840 =( GEOMETRIC_REPRESENTATION_CONTEXT ( 3 ) GLOBAL_UNCERTAINTY_ASSIGNED_CONTEXT ( ( #1456 ) ) GLOBAL_UNIT_ASSIGNED_CONTEXT ( ( #2084, #1758, #1917 ) ) REPRESENTATION_CONTEXT ( 'NONE', 'WORKASPACE' ) );
#841 = VERTEX_POINT ( 'NONE', #2156 ) ;
#842 = VERTEX_POINT ( 'NONE', #1905 ) ;
#843 = CARTESIAN_POINT ( 'NONE',  ( 9.449999999999999300, 1.099999999999922200, 22.50000000000001400 ) ) ;
#844 = DIRECTION ( 'NONE',  ( 0.04345371644180987000, 0.9952537335912757800, -0.08707341902107980400 ) ) ;
#845 = CIRCLE ( 'NONE', #918, 1.000000000000000000 ) ;
#846 = ORIENTED_EDGE ( 'NONE', *, *, #1570, .T. ) ;
#847 = DIRECTION ( 'NONE',  ( 0.0000000000000000000, -1.000000000000000000, -3.491481338843133400E-015 ) ) ;
#848 = VERTEX_POINT ( 'NONE', #1934 ) ;
#849 = FACE_OUTER_BOUND ( 'NONE', #805, .T. ) ;
#850 = AXIS2_PLACEMENT_3D ( 'NONE', #1107, #1847, #2171 ) ;
#851 = ORIENTED_EDGE ( 'NONE', *, *, #1797, .F. ) ;
#852 = DIRECTION ( 'NONE',  ( -6.672013369141566700E-017, -3.491481338843133400E-015, 1.000000000000000000 ) ) ;
#853 = DIRECTION ( 'NONE',  ( 0.0000000000000000000, -1.000000000000000000, -3.491481338843133400E-015 ) ) ;
#854 = LINE ( 'NONE', #1218, #1195 ) ;
#855 = DIRECTION ( 'NONE',  ( 0.04345371644180782300, -0.9952537335912757800, 0.08707341902107997000 ) ) ;
#856 = VERTEX_POINT ( 'NONE', #286 ) ;
#857 = ORIENTED_EDGE ( 'NONE', *, *, #673, .T. ) ;
#858 = EDGE_CURVE ( 'NONE', #925, #1966, #1273, .T. ) ;
#859 = VERTEX_POINT ( 'NONE', #2085 ) ;
#860 = LINE ( 'NONE', #1108, #1855 ) ;
#861 = CARTESIAN_POINT ( 'NONE',  ( 4.950000000000001100, -0.3000000000000016500, 6.938893903907228400E-015 ) ) ;
#862 = CARTESIAN_POINT ( 'NONE',  ( 14.45000000000000100, -1.900000000000052800, 14.79746145598812600 ) ) ;
#863 = SURFACE_SIDE_STYLE ('',( #53 ) ) ;
#864 = CARTESIAN_POINT ( 'NONE',  ( -4.549999999999998900, 0.2999999999996807400, 28.50000000000000700 ) ) ;
#865 = LINE ( 'NONE', #91, #501 ) ;
#866 = DIRECTION ( 'NONE',  ( 0.0000000000000000000, 1.000000000000000000, 3.491481338843133400E-015 ) ) ;
#867 = FACE_OUTER_BOUND ( 'NONE', #1814, .T. ) ;
#868 = VECTOR ( 'NONE', #1881, 1000.000000000000000 ) ;
#869 = VECTOR ( 'NONE', #682, 1000.000000000000000 ) ;
#870 = ORIENTED_EDGE ( 'NONE', *, *, #2159, .T. ) ;
#871 = CARTESIAN_POINT ( 'NONE',  ( 15.45000000000000100, 1.499999999999913000, 24.50000000000001400 ) ) ;
#872 = SURFACE_STYLE_USAGE ( .BOTH. , #657 ) ;
#873 = STYLED_ITEM ( 'NONE', ( #628 ), #2333 ) ;
#874 = DIRECTION ( 'NONE',  ( 0.7071067811865466800, -2.560727392647118000E-015, 0.7071067811865483500 ) ) ;
#875 = EDGE_CURVE ( 'NONE', #1416, #794, #2063, .T. ) ;
#876 = PRESENTATION_STYLE_ASSIGNMENT (( #829 ) ) ;
#877 = ORIENTED_EDGE ( 'NONE', *, *, #2336, .F. ) ;
#878 = VERTEX_POINT ( 'NONE', #1385 ) ;
#879 = DIRECTION ( 'NONE',  ( 0.0000000000000000000, -3.491481338843133400E-015, 1.000000000000000000 ) ) ;
#880 = VERTEX_POINT ( 'NONE', #1479 ) ;
#881 = VECTOR ( 'NONE', #1287, 1000.000000000000000 ) ;
#882 = CARTESIAN_POINT ( 'NONE',  ( 9.650000000000000400, 3.099999999999997000, 0.7500000000000145400 ) ) ;
#883 = AXIS2_PLACEMENT_3D ( 'NONE', #1244, #118, #1430 ) ;
#884 = CARTESIAN_POINT ( 'NONE',  ( 5.950000000000001100, 3.100000000000000500, 2.081668171172168500E-014 ) ) ;
#885 = AXIS2_PLACEMENT_3D ( 'NONE', #966, #1886, #760 ) ;
#886 = CARTESIAN_POINT ( 'NONE',  ( 6.950000000000001100, 0.2999999999999964400, 1.000000000000014700 ) ) ;
#887 = FILL_AREA_STYLE_COLOUR ( '', #505 ) ;
#888 = ORIENTED_EDGE ( 'NONE', *, *, #1075, .F. ) ;
#889 = ORIENTED_EDGE ( 'NONE', *, *, #364, .T. ) ;
#890 = CARTESIAN_POINT ( 'NONE',  ( -3.550000000000000300, 1.499999999999701100, 20.50000000000001100 ) ) ;
#891 = ORIENTED_EDGE ( 'NONE', *, *, #435, .F. ) ;
#892 = FILL_AREA_STYLE_COLOUR ( '', #769 ) ;
#893 = VECTOR ( 'NONE', #1498, 1000.000000000000000 ) ;
#894 = DIRECTION ( 'NONE',  ( 1.000000000000000000, 0.0000000000000000000, 0.0000000000000000000 ) ) ;
#895 = CARTESIAN_POINT ( 'NONE',  ( 14.45000000000000100, 1.499999999999687400, 24.50000000000001400 ) ) ;
#896 = EDGE_CURVE ( 'NONE', #1062, #1675, #556, .T. ) ;
#897 = AXIS2_PLACEMENT_3D ( 'NONE', #1147, #360, #30 ) ;
#898 = DIRECTION ( 'NONE',  ( 1.000000000000000000, 0.0000000000000000000, 0.0000000000000000000 ) ) ;
#899 = EDGE_CURVE ( 'NONE', #495, #604, #1145, .T. ) ;
#900 = CARTESIAN_POINT ( 'NONE',  ( -0.5000000000000004400, 3.100000000000000500, 1.387778780781445700E-014 ) ) ;
#901 = COLOUR_RGB ( '',1.000000000000000000, 1.000000000000000000, 1.000000000000000000 ) ;
#902 = CARTESIAN_POINT ( 'NONE',  ( 5.450000000000003700, -1.900000000000011000, 2.596054074398727300 ) ) ;
#903 = ORIENTED_EDGE ( 'NONE', *, *, #987, .F. ) ;
#904 = FACE_OUTER_BOUND ( 'NONE', #704, .T. ) ;
#905 = CARTESIAN_POINT ( 'NONE',  ( 15.45000000000000100, 0.2999999999997709500, 2.500000000000009300 ) ) ;
#906 = EDGE_CURVE ( 'NONE', #820, #1884, #1095, .T. ) ;
#907 = EDGE_LOOP ( 'NONE', ( #1065, #1028 ) ) ;
#908 = VECTOR ( 'NONE', #741, 1000.000000000000200 ) ;
#909 = DIRECTION ( 'NONE',  ( 1.177133787269976100E-016, 3.491481338843133400E-015, -1.000000000000000000 ) ) ;
#910 = VECTOR ( 'NONE', #811, 1000.000000000000000 ) ;
#911 = DIRECTION ( 'NONE',  ( -1.000000000000000000, -0.0000000000000000000, 0.0000000000000000000 ) ) ;
#912 = DIRECTION ( 'NONE',  ( 0.0000000000000000000, -1.000000000000000000, -3.491481338843133400E-015 ) ) ;
#913 = VECTOR ( 'NONE', #911, 1000.000000000000000 ) ;
#914 = PRODUCT_DEFINITION_CONTEXT ( 'detailed design', #268, 'design' ) ;
#915 = AXIS2_PLACEMENT_3D ( 'NONE', #678, #168, #1770 ) ;
#916 = ORIENTED_EDGE ( 'NONE', *, *, #1602, .T. ) ;
#917 = CARTESIAN_POINT ( 'NONE',  ( 8.699999999999999300, -1.900000000000080500, 22.50000000000000700 ) ) ;
#918 = AXIS2_PLACEMENT_3D ( 'NONE', #990, #1504, #2195 ) ;
#919 = ORIENTED_EDGE ( 'NONE', *, *, #1974, .T. ) ;
#920 = EDGE_LOOP ( 'NONE', ( #103, #1973, #1773, #84, #2211, #1138, #60, #916 ) ) ;
#921 = EDGE_LOOP ( 'NONE', ( #919, #688, #433, #224, #351, #459, #1236, #1334 ) ) ;
#922 =( NAMED_UNIT ( * ) SI_UNIT ( $, .STERADIAN. ) SOLID_ANGLE_UNIT ( ) );
#923 = ADVANCED_FACE ( 'NONE', ( #192 ), #1698, .F. ) ;
#924 = EDGE_CURVE ( 'NONE', #606, #2269, #1616, .T. ) ;
#925 = VERTEX_POINT ( 'NONE', #1651 ) ;
#926 =( LENGTH_UNIT ( ) NAMED_UNIT ( * ) SI_UNIT ( .MILLI., .METRE. ) );
#927 = VECTOR ( 'NONE', #2163, 1000.000000000000300 ) ;
#928 = ORIENTED_EDGE ( 'NONE', *, *, #2046, .T. ) ;
#929 = CARTESIAN_POINT ( 'NONE',  ( -3.550000000000000300, -1.900000000000080500, 22.50000000000000000 ) ) ;
#930 = ORIENTED_EDGE ( 'NONE', *, *, #1360, .F. ) ;
#931 = ORIENTED_EDGE ( 'NONE', *, *, #1420, .T. ) ;
#932 = ORIENTED_EDGE ( 'NONE', *, *, #1113, .F. ) ;
#933 = EDGE_LOOP ( 'NONE', ( #771, #1002, #1014, #1685 ) ) ;
#934 = STYLED_ITEM ( 'NONE', ( #1516 ), #307 ) ;
#935 = CARTESIAN_POINT ( 'NONE',  ( -4.436731261150108600, -1.094280638584398400, 24.72697014588089800 ) ) ;
#936 = PRESENTATION_LAYER_ASSIGNMENT (  '', '', ( #801 ) ) ;
#937 = CARTESIAN_POINT ( 'NONE',  ( 12.15000000000000000, -0.3000000000000103100, 2.526196565745118900 ) ) ;
#938 = CARTESIAN_POINT ( 'NONE',  ( -1.252538544011889500, -1.900000000000080500, 22.50000000000000000 ) ) ;
#939 = CARTESIAN_POINT ( 'NONE',  ( 5.450000000000001100, 3.099999999999945000, 15.50000000000002100 ) ) ;
#940 = CARTESIAN_POINT ( 'NONE',  ( 14.45000000000000100, 1.499999999999947600, 14.50000000000001200 ) ) ;
#941 = PLANE ( 'NONE',  #2082 ) ;
#942 = ORIENTED_EDGE ( 'NONE', *, *, #1180, .T. ) ;
#943 = CIRCLE ( 'NONE', #1997, 1.999999999999998200 ) ;
#944 = EDGE_CURVE ( 'NONE', #321, #793, #1893, .T. ) ;
#945 = CARTESIAN_POINT ( 'NONE',  ( 6.950000000000001100, -0.3000000000000103100, 2.526196565745118900 ) ) ;
#946 = CARTESIAN_POINT ( 'NONE',  ( 6.950000000000001100, 0.2999999999999895000, 2.500000000000016000 ) ) ;
#947 = FACE_OUTER_BOUND ( 'NONE', #1156, .T. ) ;
#948 = ORIENTED_EDGE ( 'NONE', *, *, #1584, .T. ) ;
#949 = CARTESIAN_POINT ( 'NONE',  ( 12.15000000000000000, -0.3000000000000103100, 2.526196565745118900 ) ) ;
#950 = DIRECTION ( 'NONE',  ( 0.08715574274765490500, -0.9961946980917457700, -3.478195198241799500E-015 ) ) ;
#951 = ORIENTED_EDGE ( 'NONE', *, *, #2070, .F. ) ;
#952 = ORIENTED_EDGE ( 'NONE', *, *, #1407, .F. ) ;
#953 = LINE ( 'NONE', #670, #1486 ) ;
#954 = EDGE_CURVE ( 'NONE', #1748, #716, #775, .T. ) ;
#955 = ORIENTED_EDGE ( 'NONE', *, *, #1531, .F. ) ;
#956 = DIRECTION ( 'NONE',  ( 1.733072403610928000E-016, 0.04361938736533575700, -0.9990482215818578000 ) ) ;
#957 = ORIENTED_EDGE ( 'NONE', *, *, #1232, .F. ) ;
#958 = LINE ( 'NONE', #383, #409 ) ;
#959 = VECTOR ( 'NONE', #1493, 1000.000000000000000 ) ;
#960 = EDGE_LOOP ( 'NONE', ( #2249, #2184, #979, #382 ) ) ;
#961 = DIRECTION ( 'NONE',  ( -0.7071067811865500200, -2.576180670250092400E-015, 0.7071067811865451300 ) ) ;
#962 = ORIENTED_EDGE ( 'NONE', *, *, #148, .T. ) ;
#963 = FACE_BOUND ( 'NONE', #1051, .T. ) ;
#964 = CARTESIAN_POINT ( 'NONE',  ( 5.450000000000001100, -1.900000000000101200, 28.40394592560127400 ) ) ;
#965 = LINE ( 'NONE', #2241, #1903 ) ;
#966 = CARTESIAN_POINT ( 'NONE',  ( 5.450000000000001100, -1.900000000000052800, 14.79746145598812600 ) ) ;
#967 = AXIS2_PLACEMENT_3D ( 'NONE', #1489, #2164, #540 ) ;
#968 = ORIENTED_EDGE ( 'NONE', *, *, #1542, .F. ) ;
#969 = ADVANCED_FACE ( 'NONE', ( #1174 ), #718, .T. ) ;
#970 = STYLED_ITEM ( 'NONE', ( #2352 ), #1958 ) ;
#971 = VECTOR ( 'NONE', #1483, 1000.000000000000000 ) ;
#972 = EDGE_LOOP ( 'NONE', ( #1319, #1368, #1246, #9 ) ) ;
#973 = CARTESIAN_POINT ( 'NONE',  ( 10.40000000000000200, 0.3000000000000623800, -17.49999999999998900 ) ) ;
#974 = VECTOR ( 'NONE', #703, 1000.000000000000000 ) ;
#975 = EDGE_CURVE ( 'NONE', #1166, #379, #652, .T. ) ;
#976 = DIRECTION ( 'NONE',  ( 0.0000000000000000000, -1.000000000000000000, -3.491481338843133400E-015 ) ) ;
#977 = VERTEX_POINT ( 'NONE', #1457 ) ;
#978 = ORIENTED_EDGE ( 'NONE', *, *, #1812, .F. ) ;
#979 = ORIENTED_EDGE ( 'NONE', *, *, #56, .F. ) ;
#980 = AXIS2_PLACEMENT_3D ( 'NONE', #964, #1134, #2147 ) ;
#981 = LINE ( 'NONE', #1983, #1764 ) ;
#982 = DIRECTION ( 'NONE',  ( 1.000000000000000000, 0.0000000000000000000, 0.0000000000000000000 ) ) ;
#983 = AXIS2_PLACEMENT_3D ( 'NONE', #1220, #1830, #1229 ) ;
#984 = SURFACE_STYLE_FILL_AREA ( #1217 ) ;
#985 = LINE ( 'NONE', #1783, #706 ) ;
#986 = LINE ( 'NONE', #886, #2253 ) ;
#987 = EDGE_CURVE ( 'NONE', #1890, #643, #2178, .T. ) ;
#988 = LINE ( 'NONE', #198, #1243 ) ;
#989 = ORIENTED_EDGE ( 'NONE', *, *, #1435, .T. ) ;
#990 = CARTESIAN_POINT ( 'NONE',  ( -3.550000000000000300, 1.499999999999950900, 13.50000000000001400 ) ) ;
#991 = DIRECTION ( 'NONE',  ( 0.0000000000000000000, -1.000000000000000000, -3.491481338843133400E-015 ) ) ;
#992 = ORIENTED_EDGE ( 'NONE', *, *, #339, .F. ) ;
#993 =( NAMED_UNIT ( * ) PLANE_ANGLE_UNIT ( ) SI_UNIT ( $, .RADIAN. ) );
#994 = VECTOR ( 'NONE', #482, 1000.000000000000000 ) ;
#995 = AXIS2_PLACEMENT_3D ( 'NONE', #299, #1190, #1214 ) ;
#996 = LINE ( 'NONE', #28, #1878 ) ;
#997 = EDGE_CURVE ( 'NONE', #1149, #123, #2201, .T. ) ;
#998 = DIRECTION ( 'NONE',  ( 1.000000000000000000, 0.0000000000000000000, 0.0000000000000000000 ) ) ;
#999 = CARTESIAN_POINT ( 'NONE',  ( -3.550000000000000300, 1.499999999999954500, 12.50000000000001200 ) ) ;
#1000 = CARTESIAN_POINT ( 'NONE',  ( -1.249999999999999300, -0.3000000000000033800, 0.7500000000000006700 ) ) ;
#1001 = DIRECTION ( 'NONE',  ( 0.0000000000000000000, 1.000000000000000000, 3.621415408221843200E-015 ) ) ;
#1002 = ORIENTED_EDGE ( 'NONE', *, *, #823, .F. ) ;
#1003 = DIRECTION ( 'NONE',  ( 1.000000000000000000, 0.0000000000000000000, 0.0000000000000000000 ) ) ;
#1004 = ADVANCED_FACE ( 'NONE', ( #1042 ), #2353, .T. ) ;
#1005 = AXIS2_PLACEMENT_3D ( 'NONE', #2298, #1253, #128 ) ;
#1006 = EDGE_LOOP ( 'NONE', ( #2252, #1792, #655, #1289, #6, #1530, #1074, #1667 ) ) ;
#1007 = VECTOR ( 'NONE', #1084, 1000.000000000000000 ) ;
#1008 = DIRECTION ( 'NONE',  ( 4.956352788505164600E-017, 3.491481338843133400E-015, -1.000000000000000000 ) ) ;
#1009 = VECTOR ( 'NONE', #2299, 1000.000000000000000 ) ;
#1010 = PLANE ( 'NONE',  #1465 ) ;
#1011 = AXIS2_PLACEMENT_3D ( 'NONE', #1564, #1227, #1326 ) ;
#1012 = ORIENTED_EDGE ( 'NONE', *, *, #404, .T. ) ;
#1013 = VECTOR ( 'NONE', #447, 1000.000000000000000 ) ;
#1014 = ORIENTED_EDGE ( 'NONE', *, *, #1455, .F. ) ;
#1015 = CARTESIAN_POINT ( 'NONE',  ( 6.950000000000001100, -0.3000000000000103100, 2.526196565745118900 ) ) ;
#1016 = EDGE_LOOP ( 'NONE', ( #2088, #1249, #2181, #1422, #1615, #827, #375, #681 ) ) ;
#1017 = EDGE_LOOP ( 'NONE', ( #851, #1664, #903, #122 ) ) ;
#1018 =( NAMED_UNIT ( * ) SI_UNIT ( $, .STERADIAN. ) SOLID_ANGLE_UNIT ( ) );
#1019 = CARTESIAN_POINT ( 'NONE',  ( 0.5000000000000004400, -0.3000000000000016500, 0.0000000000000000000 ) ) ;
#1020 = SURFACE_STYLE_USAGE ( .BOTH. , #1086 ) ;
#1021 = EDGE_LOOP ( 'NONE', ( #2114, #1285, #1608, #1216 ) ) ;
#1022 = SURFACE_STYLE_USAGE ( .BOTH. , #863 ) ;
#1023 =( LENGTH_UNIT ( ) NAMED_UNIT ( * ) SI_UNIT ( .MILLI., .METRE. ) );
#1024 = ORIENTED_EDGE ( 'NONE', *, *, #489, .F. ) ;
#1025 = LINE ( 'NONE', #602, #1521 ) ;
#1026 = EDGE_CURVE ( 'NONE', #1641, #721, #2124, .T. ) ;
#1027 = FILL_AREA_STYLE_COLOUR ( '', #1120 ) ;
#1028 = ORIENTED_EDGE ( 'NONE', *, *, #1862, .T. ) ;
#1029 = AXIS2_PLACEMENT_3D ( 'NONE', #1706, #773, #331 ) ;
#1030 = VECTOR ( 'NONE', #2194, 1000.000000000000100 ) ;
#1031 = CARTESIAN_POINT ( 'NONE',  ( -4.401552794111058400, -1.900000000000044100, 12.20253854401187600 ) ) ;
#1032 = DIRECTION ( 'NONE',  ( 0.04345371644180987000, 0.9952537335912757800, -0.08707341902107997000 ) ) ;
#1033 = PLANE ( 'NONE',  #1806 ) ;
#1034 = EDGE_CURVE ( 'NONE', #1675, #2054, #504, .T. ) ;
#1035 = DIRECTION ( 'NONE',  ( 0.0000000000000000000, -1.000000000000000000, -3.491481338843133400E-015 ) ) ;
#1036 = DIRECTION ( 'NONE',  ( -1.000000000000000000, 0.0000000000000000000, 0.0000000000000000000 ) ) ;
#1037 = VERTEX_POINT ( 'NONE', #2022 ) ;
#1038 =( LENGTH_UNIT ( ) NAMED_UNIT ( * ) SI_UNIT ( .MILLI., .METRE. ) );
#1039 =( NAMED_UNIT ( * ) PLANE_ANGLE_UNIT ( ) SI_UNIT ( $, .RADIAN. ) );
#1040 = EDGE_CURVE ( 'NONE', #1139, #190, #536, .T. ) ;
#1041 = PRESENTATION_LAYER_ASSIGNMENT (  '', '', ( #785 ) ) ;
#1042 = FACE_OUTER_BOUND ( 'NONE', #1719, .T. ) ;
#1043 = DIRECTION ( 'NONE',  ( 1.000000000000000000, -2.329521017086967700E-031, 6.672013369141565500E-017 ) ) ;
#1044 = LINE ( 'NONE', #92, #676 ) ;
#1045 = FACE_OUTER_BOUND ( 'NONE', #677, .T. ) ;
#1046 = CARTESIAN_POINT ( 'NONE',  ( 3.950000000000000200, 3.099999999999997000, 1.000000000000021800 ) ) ;
#1047 = ORIENTED_EDGE ( 'NONE', *, *, #1327, .F. ) ;
#1048 = ORIENTED_EDGE ( 'NONE', *, *, #701, .T. ) ;
#1049 =( NAMED_UNIT ( * ) PLANE_ANGLE_UNIT ( ) SI_UNIT ( $, .RADIAN. ) );
#1050 = FACE_OUTER_BOUND ( 'NONE', #960, .T. ) ;
#1051 = EDGE_LOOP ( 'NONE', ( #1942, #1444 ) ) ;
#1052 = ORIENTED_EDGE ( 'NONE', *, *, #385, .F. ) ;
#1053 = EDGE_CURVE ( 'NONE', #648, #2228, #831, .T. ) ;
#1054 = CARTESIAN_POINT ( 'NONE',  ( 5.450000000000001100, -1.900000000000031900, 8.500000000000001800 ) ) ;
#1055 = FILL_AREA_STYLE_COLOUR ( '', #1497 ) ;
#1056 = VERTEX_POINT ( 'NONE', #1832 ) ;
#1057 = FACE_OUTER_BOUND ( 'NONE', #1571, .T. ) ;
#1058 = AXIS2_PLACEMENT_3D ( 'NONE', #1544, #423, #48 ) ;
#1059 = MECHANICAL_DESIGN_GEOMETRIC_PRESENTATION_REPRESENTATION (  '', ( #801 ), #1170 ) ;
#1060 = CARTESIAN_POINT ( 'NONE',  ( 10.20000000000000100, 1.099999999999922200, 22.50000000000001400 ) ) ;
#1061 = SURFACE_STYLE_USAGE ( .BOTH. , #336 ) ;
#1062 = VERTEX_POINT ( 'NONE', #1475 ) ;
#1063 = EDGE_CURVE ( 'NONE', #123, #1675, #357, .T. ) ;
#1064 = ORIENTED_EDGE ( 'NONE', *, *, #278, .F. ) ;
#1065 = ORIENTED_EDGE ( 'NONE', *, *, #2250, .T. ) ;
#1066 = CARTESIAN_POINT ( 'NONE',  ( -3.550000000000000300, -1.900000000000049200, 13.50000000000000200 ) ) ;
#1067 =( NAMED_UNIT ( * ) PLANE_ANGLE_UNIT ( ) SI_UNIT ( $, .RADIAN. ) );
#1068 = VECTOR ( 'NONE', #107, 1000.000000000000100 ) ;
#1069 = VECTOR ( 'NONE', #1979, 1000.000000000000000 ) ;
#1070 = CARTESIAN_POINT ( 'NONE',  ( 9.650000000000000400, -0.3000000000000033800, 0.7500000000000041100 ) ) ;
#1071 = CARTESIAN_POINT ( 'NONE',  ( -4.401552794111060200, -1.900000000000011000, 2.596054074398723700 ) ) ;
#1072 = CARTESIAN_POINT ( 'NONE',  ( 4.950000000000001100, 0.2999999999999999300, 1.040834085586084300E-014 ) ) ;
#1073 = CARTESIAN_POINT ( 'NONE',  ( -4.401552794111058400, -1.900000000000056100, 15.50000000000000400 ) ) ;
#1074 = ORIENTED_EDGE ( 'NONE', *, *, #1930, .F. ) ;
#1075 = EDGE_CURVE ( 'NONE', #1272, #848, #592, .T. ) ;
#1076 = ADVANCED_FACE ( 'NONE', ( #1050 ), #1683, .F. ) ;
#1077 = VECTOR ( 'NONE', #2167, 1000.000000000000000 ) ;
#1078 = FILL_AREA_STYLE ('',( #892 ) ) ;
#1079 = FILL_AREA_STYLE_COLOUR ( '', #384 ) ;
#1080 = ORIENTED_EDGE ( 'NONE', *, *, #2302, .F. ) ;
#1081 = LINE ( 'NONE', #862, #1030 ) ;
#1082 = AXIS2_PLACEMENT_3D ( 'NONE', #1394, #1566, #608 ) ;
#1083 = EDGE_LOOP ( 'NONE', ( #462, #2316 ) ) ;
#1084 = DIRECTION ( 'NONE',  ( -1.486905836551549300E-016, -3.643269642991104000E-015, 1.000000000000000000 ) ) ;
#1085 = DIRECTION ( 'NONE',  ( 1.000000000000000000, 0.0000000000000000000, 0.0000000000000000000 ) ) ;
#1086 = SURFACE_SIDE_STYLE ('',( #790 ) ) ;
#1087 = VERTEX_POINT ( 'NONE', #1643 ) ;
#1088 = EDGE_CURVE ( 'NONE', #2280, #1975, #159, .T. ) ;
#1089 = SURFACE_STYLE_USAGE ( .BOTH. , #2271 ) ;
#1090 = EDGE_LOOP ( 'NONE', ( #214, #1505, #93, #1605 ) ) ;
#1091 = CARTESIAN_POINT ( 'NONE',  ( 12.15000000000000000, -0.3000000000000033800, 0.7500000000000075500 ) ) ;
#1092 = ORIENTED_EDGE ( 'NONE', *, *, #1662, .F. ) ;
#1093 = CARTESIAN_POINT ( 'NONE',  ( 0.5000000000000004400, 3.100000000000000500, 1.387778780781445700E-014 ) ) ;
#1094 = PLANE ( 'NONE',  #1657 ) ;
#1095 = CIRCLE ( 'NONE', #2223, 0.7499999999999997800 ) ;
#1096 = FACE_OUTER_BOUND ( 'NONE', #933, .T. ) ;
#1097 = AXIS2_PLACEMENT_3D ( 'NONE', #902, #1835, #1207 ) ;
#1098 = ORIENTED_EDGE ( 'NONE', *, *, #2135, .T. ) ;
#1099 = CARTESIAN_POINT ( 'NONE',  ( 1.250000000000000200, -0.2999999999999374800, -17.49999999999999600 ) ) ;
#1100 = PLANE ( 'NONE',  #692 ) ;
#1101 = ORIENTED_EDGE ( 'NONE', *, *, #605, .F. ) ;
#1102 = VECTOR ( 'NONE', #2011, 1000.000000000000000 ) ;
#1103 = EDGE_CURVE ( 'NONE', #1966, #448, #804, .T. ) ;
#1104 = LINE ( 'NONE', #1378, #1546 ) ;
#1105 = DIRECTION ( 'NONE',  ( -1.000000000000000000, -0.0000000000000000000, 0.0000000000000000000 ) ) ;
#1106 = DIRECTION ( 'NONE',  ( 1.177133787269976100E-016, 3.643269642991104000E-015, -1.000000000000000000 ) ) ;
#1107 = CARTESIAN_POINT ( 'NONE',  ( -3.550000000000000300, -1.900000000000049200, 13.50000000000000200 ) ) ;
#1108 = CARTESIAN_POINT ( 'NONE',  ( 15.45000000000000100, 1.499999999999954500, 12.50000000000001200 ) ) ;
#1109 = DIRECTION ( 'NONE',  ( 0.0000000000000000000, -0.08715574274765143500, -0.9961946980917461000 ) ) ;
#1110 = PRESENTATION_LAYER_ASSIGNMENT (  '', '', ( #873 ) ) ;
#1111 = VERTEX_POINT ( 'NONE', #1091 ) ;
#1112 = VERTEX_POINT ( 'NONE', #917 ) ;
#1113 = EDGE_CURVE ( 'NONE', #880, #2054, #2061, .T. ) ;
#1114 = DIRECTION ( 'NONE',  ( 0.9990482215818580200, 0.04361938736533167700, 2.189529079059381200E-016 ) ) ;
#1115 = LINE ( 'NONE', #1769, #1484 ) ;
#1116 = LINE ( 'NONE', #1716, #160 ) ;
#1117 = ORIENTED_EDGE ( 'NONE', *, *, #1649, .F. ) ;
#1118 = AXIS2_PLACEMENT_3D ( 'NONE', #1066, #675, #1936 ) ;
#1119 =( LENGTH_UNIT ( ) NAMED_UNIT ( * ) SI_UNIT ( .MILLI., .METRE. ) );
#1120 = COLOUR_RGB ( '',1.000000000000000000, 1.000000000000000000, 1.000000000000000000 ) ;
#1121 = ORIENTED_EDGE ( 'NONE', *, *, #306, .T. ) ;
#1122 = ORIENTED_EDGE ( 'NONE', *, *, #924, .T. ) ;
#1123 = LINE ( 'NONE', #1371, #1077 ) ;
#1124 = DIRECTION ( 'NONE',  ( 0.0000000000000000000, -1.000000000000000000, -3.491481338843133400E-015 ) ) ;
#1125 = CARTESIAN_POINT ( 'NONE',  ( 15.31402927919154100, -1.614241510848100500, 12.22753917231896600 ) ) ;
#1126 = ORIENTED_EDGE ( 'NONE', *, *, #997, .T. ) ;
#1127 =( LENGTH_UNIT ( ) NAMED_UNIT ( * ) SI_UNIT ( .MILLI., .METRE. ) );
#1128 = CARTESIAN_POINT ( 'NONE',  ( 5.450000000000001100, -1.900000000000071900, 20.20253854401189000 ) ) ;
#1129 = FACE_OUTER_BOUND ( 'NONE', #1205, .T. ) ;
#1130 = DIRECTION ( 'NONE',  ( 0.0000000000000000000, 0.08715574274765824900, -0.9961946980917455500 ) ) ;
#1131 = ADVANCED_FACE ( 'NONE', ( #13 ), #1351, .F. ) ;
#1132 = EDGE_CURVE ( 'NONE', #1802, #120, #2342, .T. ) ;
#1133 = VERTEX_POINT ( 'NONE', #694 ) ;
#1135 = EDGE_CURVE ( 'NONE', #2149, #1692, #445, .T. ) ;
#1134 = DIRECTION ( 'NONE',  ( -0.0000000000000000000, 0.04361938736533690200, -0.9990482215818576900 ) ) ;
#1136 = ORIENTED_EDGE ( 'NONE', *, *, #74, .F. ) ;
#1137 = FILL_AREA_STYLE_COLOUR ( '', #228 ) ;
#1138 = ORIENTED_EDGE ( 'NONE', *, *, #292, .T. ) ;
#1139 = VERTEX_POINT ( 'NONE', #538 ) ;
#1140 = CARTESIAN_POINT ( 'NONE',  ( 14.45000000000000100, -1.900000000000087400, 24.79746145598811300 ) ) ;
#1141 = ORIENTED_EDGE ( 'NONE', *, *, #548, .T. ) ;
#1142 = EDGE_CURVE ( 'NONE', #820, #848, #2177, .T. ) ;
#1143 = DIRECTION ( 'NONE',  ( 1.000000000000000000, 0.0000000000000000000, -0.0000000000000000000 ) ) ;
#1144 = CARTESIAN_POINT ( 'NONE',  ( -3.550000000000000300, 1.499999999999919800, 22.50000000000001400 ) ) ;
#1145 = LINE ( 'NONE', #1000, #102 ) ;
#1146 = ORIENTED_EDGE ( 'NONE', *, *, #1470, .F. ) ;
#1147 = CARTESIAN_POINT ( 'NONE',  ( 15.30155279411105300, -1.900000000000056100, 15.50000000000000400 ) ) ;
#1148 = VECTOR ( 'NONE', #1503, 1000.000000000000000 ) ;
#1149 = VERTEX_POINT ( 'NONE', #2153 ) ;
#1150 = CARTESIAN_POINT ( 'NONE',  ( 15.30155279411105300, -1.900000000000052800, 14.79746145598812600 ) ) ;
#1151 = PLANE ( 'NONE',  #1295 ) ;
#1152 = MECHANICAL_DESIGN_GEOMETRIC_PRESENTATION_REPRESENTATION (  '', ( #785 ), #1293 ) ;
#1153 = ORIENTED_EDGE ( 'NONE', *, *, #519, .F. ) ;
#1154 = FACE_OUTER_BOUND ( 'NONE', #1682, .T. ) ;
#1155 = VERTEX_POINT ( 'NONE', #2346 ) ;
#1156 = EDGE_LOOP ( 'NONE', ( #1515, #94, #576, #948, #2277, #1871 ) ) ;
#1157 = LINE ( 'NONE', #2074, #2105 ) ;
#1158 = EDGE_CURVE ( 'NONE', #798, #1412, #958, .T. ) ;
#1159 = ORIENTED_EDGE ( 'NONE', *, *, #95, .T. ) ;
#1160 = CYLINDRICAL_SURFACE ( 'NONE', #1550, 0.7499999999999997800 ) ;
#1161 = CARTESIAN_POINT ( 'NONE',  ( 5.450000000000001100, 3.099999999999920600, 22.50000000000002100 ) ) ;
#1162 = DIRECTION ( 'NONE',  ( -1.000000000000000000, -0.0000000000000000000, 0.0000000000000000000 ) ) ;
#1163 = PLANE ( 'NONE',  #1485 ) ;
#1164 = DIRECTION ( 'NONE',  ( 1.000000000000000000, 0.0000000000000000000, 0.0000000000000000000 ) ) ;
#1165 = VERTEX_POINT ( 'NONE', #1294 ) ;
#1166 = VERTEX_POINT ( 'NONE', #625 ) ;
#1167 = PRESENTATION_LAYER_ASSIGNMENT (  '', '', ( #934 ) ) ;
#1168 = SURFACE_STYLE_USAGE ( .BOTH. , #57 ) ;
#1169 = DIRECTION ( 'NONE',  ( 0.0000000000000000000, 1.000000000000000000, 3.491481338843133400E-015 ) ) ;
#1170 =( GEOMETRIC_REPRESENTATION_CONTEXT ( 3 ) GLOBAL_UNCERTAINTY_ASSIGNED_CONTEXT ( ( #1639 ) ) GLOBAL_UNIT_ASSIGNED_CONTEXT ( ( #1119, #81, #761 ) ) REPRESENTATION_CONTEXT ( 'NONE', 'WORKASPACE' ) );
#1171 = VERTEX_POINT ( 'NONE', #497 ) ;
#1172 = LINE ( 'NONE', #656, #70 ) ;
#1173 = ORIENTED_EDGE ( 'NONE', *, *, #1135, .T. ) ;
#1174 = FACE_OUTER_BOUND ( 'NONE', #1083, .T. ) ;
#1175 = VERTEX_POINT ( 'NONE', #690 ) ;
#1176 = EDGE_CURVE ( 'NONE', #842, #1175, #41, .T. ) ;
#1177 = PLANE ( 'NONE',  #47 ) ;
#1178 = DIRECTION ( 'NONE',  ( 0.0000000000000000000, 3.621415408221843200E-015, -1.000000000000000000 ) ) ;
#1179 = FILL_AREA_STYLE ('',( #731 ) ) ;
#1180 = EDGE_CURVE ( 'NONE', #712, #1139, #250, .T. ) ;
#1181 = VERTEX_POINT ( 'NONE', #189 ) ;
#1182 = VECTOR ( 'NONE', #627, 1000.000000000000000 ) ;
#1183 = PLANE ( 'NONE',  #2165 ) ;
#1184 = CARTESIAN_POINT ( 'NONE',  ( -3.550000000000000300, -1.900000000000049200, 13.50000000000000200 ) ) ;
#1185 = DIRECTION ( 'NONE',  ( -0.0000000000000000000, 1.000000000000000000, 3.491481338843133400E-015 ) ) ;
#1186 = FACE_OUTER_BOUND ( 'NONE', #2288, .T. ) ;
#1187 = CIRCLE ( 'NONE', #1011, 2.297461455988110600 ) ;
#1188 = PLANE ( 'NONE',  #223 ) ;
#1189 = ORIENTED_EDGE ( 'NONE', *, *, #644, .T. ) ;
#1190 = DIRECTION ( 'NONE',  ( 1.000000000000000000, 0.0000000000000000000, -0.0000000000000000000 ) ) ;
#1191 = EDGE_CURVE ( 'NONE', #1133, #2301, #506, .T. ) ;
#1192 = CARTESIAN_POINT ( 'NONE',  ( 6.950000000000001100, 3.099999999999945000, 15.50000000000002100 ) ) ;
#1193 = CARTESIAN_POINT ( 'NONE',  ( 15.45000000000000100, 3.099999999999899700, 28.50000000000001800 ) ) ;
#1194 = ORIENTED_EDGE ( 'NONE', *, *, #1327, .T. ) ;
#1195 = VECTOR ( 'NONE', #844, 1000.000000000000100 ) ;
#1196 = CARTESIAN_POINT ( 'NONE',  ( -3.550000000000000300, -1.900000000000087400, 24.79746145598811300 ) ) ;
#1197 = ORIENTED_EDGE ( 'NONE', *, *, #954, .T. ) ;
#1198 = AXIS2_PLACEMENT_3D ( 'NONE', #2289, #1426, #2328 ) ;
#1199 = VECTOR ( 'NONE', #1777, 1000.000000000000000 ) ;
#1200 = CARTESIAN_POINT ( 'NONE',  ( 3.950000000000001100, 0.2999999999999964400, 1.000000000000014700 ) ) ;
#1201 =( NAMED_UNIT ( * ) PLANE_ANGLE_UNIT ( ) SI_UNIT ( $, .RADIAN. ) );
#1202 = DIRECTION ( 'NONE',  ( 1.000000000000000000, 0.0000000000000000000, 0.0000000000000000000 ) ) ;
#1203 = CARTESIAN_POINT ( 'NONE',  ( 9.650000000000000400, 0.2999999999999895000, 2.500000000000016000 ) ) ;
#1204 = PRESENTATION_LAYER_ASSIGNMENT (  '', '', ( #970 ) ) ;
#1205 = EDGE_LOOP ( 'NONE', ( #669, #272, #1311, #2219 ) ) ;
#1206 = UNCERTAINTY_MEASURE_WITH_UNIT (LENGTH_MEASURE( 1.000000000000000100E-005 ), #97, 'distance_accuracy_value', 'NONE');
#1207 = DIRECTION ( 'NONE',  ( 1.000000000000000000, -6.056754644426116500E-031, 1.734723475976807100E-016 ) ) ;
#1208 = ORIENTED_EDGE ( 'NONE', *, *, #468, .T. ) ;
#1209 = ADVANCED_FACE ( 'NONE', ( #531 ), #1188, .T. ) ;
#1210 = VECTOR ( 'NONE', #2138, 1000.000000000000100 ) ;
#1211 = EDGE_CURVE ( 'NONE', #752, #2228, #589, .T. ) ;
#1212 = SURFACE_STYLE_FILL_AREA ( #1863 ) ;
#1213 = AXIS2_PLACEMENT_3D ( 'NONE', #33, #2076, #635 ) ;
#1214 = DIRECTION ( 'NONE',  ( 0.0000000000000000000, 1.000000000000000000, 3.491481338843133400E-015 ) ) ;
#1215 = ADVANCED_FACE ( 'NONE', ( #802 ), #1627, .F. ) ;
#1216 = ORIENTED_EDGE ( 'NONE', *, *, #1901, .F. ) ;
#1217 = FILL_AREA_STYLE ('',( #2264 ) ) ;
#1218 = CARTESIAN_POINT ( 'NONE',  ( 15.29889462455249700, -1.960882092357273400, 14.80278794888112200 ) ) ;
#1219 = ORIENTED_EDGE ( 'NONE', *, *, #1874, .F. ) ;
#1220 = CARTESIAN_POINT ( 'NONE',  ( 5.450000000000001100, -1.900000000000080500, 22.50000000000000000 ) ) ;
#1221 = ORIENTED_EDGE ( 'NONE', *, *, #23, .F. ) ;
#1222 = LINE ( 'NONE', #1365, #1655 ) ;
#1223 = AXIS2_PLACEMENT_3D ( 'NONE', #1839, #552, #1679 ) ;
#1224 = VERTEX_POINT ( 'NONE', #1633 ) ;
#1225 = CIRCLE ( 'NONE', #325, 0.7499999999999997800 ) ;
#1226 = CARTESIAN_POINT ( 'NONE',  ( 15.30155279411105300, -1.900000000000056100, 15.50000000000000400 ) ) ;
#1227 = DIRECTION ( 'NONE',  ( 0.0000000000000000000, 1.000000000000000000, 3.491481338843133400E-015 ) ) ;
#1228 = DIRECTION ( 'NONE',  ( -1.000000000000000000, 0.0000000000000000000, 0.0000000000000000000 ) ) ;
#1229 = DIRECTION ( 'NONE',  ( 1.000000000000000000, 0.0000000000000000000, 0.0000000000000000000 ) ) ;
#1230 = ADVANCED_FACE ( 'NONE', ( #867 ), #1343, .F. ) ;
#1231 = DIRECTION ( 'NONE',  ( -1.000000000000000000, 6.056754644426116500E-031, -1.734723475976807100E-016 ) ) ;
#1232 = EDGE_CURVE ( 'NONE', #1309, #1416, #127, .T. ) ;
#1233 = EDGE_CURVE ( 'NONE', #120, #1697, #988, .T. ) ;
#1234 = ORIENTED_EDGE ( 'NONE', *, *, #2276, .T. ) ;
#1235 = DIRECTION ( 'NONE',  ( 1.000000000000000000, 0.0000000000000000000, 0.0000000000000000000 ) ) ;
#1236 = ORIENTED_EDGE ( 'NONE', *, *, #37, .F. ) ;
#1237 = CARTESIAN_POINT ( 'NONE',  ( 5.950000000000000200, 0.2999999999999895000, 2.500000000000016000 ) ) ;
#1238 = ORIENTED_EDGE ( 'NONE', *, *, #1858, .T. ) ;
#1239 = ORIENTED_EDGE ( 'NONE', *, *, #1211, .F. ) ;
#1240 = CARTESIAN_POINT ( 'NONE',  ( 1.250000000000000200, -0.3000000000000103100, 2.526196565745118900 ) ) ;
#1241 = PRESENTATION_STYLE_ASSIGNMENT (( #1264 ) ) ;
#1242 = UNCERTAINTY_MEASURE_WITH_UNIT (LENGTH_MEASURE( 1.000000000000000100E-005 ), #83, 'distance_accuracy_value', 'NONE');
#1243 = VECTOR ( 'NONE', #19, 1000.000000000000000 ) ;
#1244 = CARTESIAN_POINT ( 'NONE',  ( 14.45000000000000100, -1.900000000000080500, 22.50000000000000000 ) ) ;
#1245 = LINE ( 'NONE', #2321, #42 ) ;
#1246 = ORIENTED_EDGE ( 'NONE', *, *, #899, .F. ) ;
#1247 = MECHANICAL_DESIGN_GEOMETRIC_PRESENTATION_REPRESENTATION (  '', ( #873 ), #1369 ) ;
#1248 = ORIENTED_EDGE ( 'NONE', *, *, #2031, .F. ) ;
#1249 = ORIENTED_EDGE ( 'NONE', *, *, #2136, .T. ) ;
#1250 = ORIENTED_EDGE ( 'NONE', *, *, #1374, .T. ) ;
#1251 = EDGE_CURVE ( 'NONE', #448, #643, #132, .T. ) ;
#1252 = EDGE_LOOP ( 'NONE', ( #1136, #398, #1239, #46 ) ) ;
#1253 = DIRECTION ( 'NONE',  ( 0.0000000000000000000, -1.000000000000000000, -3.491481338843133400E-015 ) ) ;
#1254 = CARTESIAN_POINT ( 'NONE',  ( -4.549999999999998000, 1.500000000000259800, 14.50000000000001400 ) ) ;
#1255 = FACE_OUTER_BOUND ( 'NONE', #362, .T. ) ;
#1256 = ORIENTED_EDGE ( 'NONE', *, *, #1901, .T. ) ;
#1257 = PRESENTATION_LAYER_ASSIGNMENT (  '', '', ( #1383 ) ) ;
#1258 = FACE_OUTER_BOUND ( 'NONE', #1017, .T. ) ;
#1259 = CARTESIAN_POINT ( 'NONE',  ( 14.45000000000000100, 1.499999999999926700, 20.50000000000001100 ) ) ;
#1260 = CARTESIAN_POINT ( 'NONE',  ( -3.550000000000000300, 1.499999999999926700, 20.50000000000001100 ) ) ;
#1261 = ORIENTED_EDGE ( 'NONE', *, *, #1694, .F. ) ;
#1262 = DIRECTION ( 'NONE',  ( -1.000000000000000000, 0.0000000000000000000, 0.0000000000000000000 ) ) ;
#1263 = VERTEX_POINT ( 'NONE', #973 ) ;
#1264 = SURFACE_STYLE_USAGE ( .BOTH. , #2320 ) ;
#1265 = PLANE ( 'NONE',  #1198 ) ;
#1266 = ORIENTED_EDGE ( 'NONE', *, *, #1681, .T. ) ;
#1267 = CYLINDRICAL_SURFACE ( 'NONE', #1514, 0.7499999999999997800 ) ;
#1268 = CARTESIAN_POINT ( 'NONE',  ( -4.549999999999998000, 3.099999999999989900, 2.622250640143847500 ) ) ;
#1269 = CARTESIAN_POINT ( 'NONE',  ( 3.950000000000000200, -0.3000000000000103100, 2.526196565745118900 ) ) ;
#1270 = ORIENTED_EDGE ( 'NONE', *, *, #1494, .T. ) ;
#1271 = EDGE_CURVE ( 'NONE', #859, #1359, #705, .T. ) ;
#1272 = VERTEX_POINT ( 'NONE', #227 ) ;
#1273 = CIRCLE ( 'NONE', #2109, 2.000000000000000000 ) ;
#1274 = ADVANCED_FACE ( 'NONE', ( #613 ), #1452, .F. ) ;
#1275 = CARTESIAN_POINT ( 'NONE',  ( -0.5000000000000013300, 0.2999999999999895000, 2.500000000000016000 ) ) ;
#1276 =( NAMED_UNIT ( * ) SI_UNIT ( $, .STERADIAN. ) SOLID_ANGLE_UNIT ( ) );
#1277 = EDGE_LOOP ( 'NONE', ( #1722, #1551, #252, #197 ) ) ;
#1278 = DIRECTION ( 'NONE',  ( 0.0000000000000000000, -3.491481338843133400E-015, 1.000000000000000000 ) ) ;
#1279 = DIRECTION ( 'NONE',  ( 0.0000000000000000000, 0.08715574274765143500, 0.9961946980917461000 ) ) ;
#1280 = EDGE_CURVE ( 'NONE', #2269, #217, #953, .T. ) ;
#1281 = LINE ( 'NONE', #195, #1877 ) ;
#1282 = CARTESIAN_POINT ( 'NONE',  ( -4.401552794111058400, -1.900000000000056100, 15.50000000000000400 ) ) ;
#1283 = LINE ( 'NONE', #2232, #2160 ) ;
#1284 = DIRECTION ( 'NONE',  ( 1.000000000000000000, 0.0000000000000000000, 0.0000000000000000000 ) ) ;
#1285 = ORIENTED_EDGE ( 'NONE', *, *, #1470, .T. ) ;
#1286 = FACE_OUTER_BOUND ( 'NONE', #582, .T. ) ;
#1287 = DIRECTION ( 'NONE',  ( 2.910291356552616000E-018, -0.9990482215818578000, -0.04361938736533576400 ) ) ;
#1288 = CARTESIAN_POINT ( 'NONE',  ( -0.4999999999999978400, 3.100000000000059200, -17.49999999999998200 ) ) ;
#1289 = ORIENTED_EDGE ( 'NONE', *, *, #875, .F. ) ;
#1290 = LINE ( 'NONE', #1540, #868 ) ;
#1291 = VECTOR ( 'NONE', #758, 1000.000000000000100 ) ;
#1292 = DIRECTION ( 'NONE',  ( 0.0000000000000000000, 0.9961946980917455500, 0.08715574274765824900 ) ) ;
#1293 =( GEOMETRIC_REPRESENTATION_CONTEXT ( 3 ) GLOBAL_UNCERTAINTY_ASSIGNED_CONTEXT ( ( #2021 ) ) GLOBAL_UNIT_ASSIGNED_CONTEXT ( ( #1818, #309, #922 ) ) REPRESENTATION_CONTEXT ( 'NONE', 'WORKASPACE' ) );
#1294 = CARTESIAN_POINT ( 'NONE',  ( 15.45000000000000100, 1.499999999999954500, 12.50000000000001200 ) ) ;
#1295 = AXIS2_PLACEMENT_3D ( 'NONE', #800, #377, #203 ) ;
#1296 = DIRECTION ( 'NONE',  ( 1.000000000000000000, 0.0000000000000000000, 0.0000000000000000000 ) ) ;
#1297 = CARTESIAN_POINT ( 'NONE',  ( -4.401552794111058400, -1.900000000000056100, 15.50000000000000400 ) ) ;
#1298 = FILL_AREA_STYLE ('',( #2216 ) ) ;
#1299 = EDGE_CURVE ( 'NONE', #190, #2204, #191, .T. ) ;
#1300 = ORIENTED_EDGE ( 'NONE', *, *, #245, .T. ) ;
#1301 = LINE ( 'NONE', #1031, #1945 ) ;
#1302 = DIRECTION ( 'NONE',  ( 0.0000000000000000000, 1.000000000000000000, 3.491481338843133400E-015 ) ) ;
#1303 = VECTOR ( 'NONE', #1816, 1000.000000000000000 ) ;
#1304 = VECTOR ( 'NONE', #2096, 1000.000000000000000 ) ;
#1305 = PRESENTATION_STYLE_ASSIGNMENT (( #1089 ) ) ;
#1306 = CARTESIAN_POINT ( 'NONE',  ( 14.45000000000000100, -1.900000000000071900, 20.20253854401189000 ) ) ;
#1307 = DIRECTION ( 'NONE',  ( -1.000000000000000000, -0.0000000000000000000, 0.0000000000000000000 ) ) ;
#1308 = MECHANICAL_DESIGN_GEOMETRIC_PRESENTATION_REPRESENTATION (  '', ( #934 ), #1428 ) ;
#1309 = VERTEX_POINT ( 'NONE', #836 ) ;
#1310 = PRESENTATION_LAYER_ASSIGNMENT (  '', '', ( #1429 ) ) ;
#1311 = ORIENTED_EDGE ( 'NONE', *, *, #636, .F. ) ;
#1312 = DIRECTION ( 'NONE',  ( 1.000000000000000000, 0.0000000000000000000, 0.0000000000000000000 ) ) ;
#1313 = CARTESIAN_POINT ( 'NONE',  ( -3.550000000000000300, -1.900000000000044100, 12.20253854401187600 ) ) ;
#1314 = FACE_OUTER_BOUND ( 'NONE', #1090, .T. ) ;
#1315 = EDGE_CURVE ( 'NONE', #1630, #217, #1490, .T. ) ;
#1316 = ORIENTED_EDGE ( 'NONE', *, *, #245, .F. ) ;
#1317 = CARTESIAN_POINT ( 'NONE',  ( -4.549999999999998900, 0.2999999999996807400, 28.50000000000000700 ) ) ;
#1318 = LINE ( 'NONE', #2062, #754 ) ;
#1319 = ORIENTED_EDGE ( 'NONE', *, *, #1751, .F. ) ;
#1320 = DIRECTION ( 'NONE',  ( 1.000000000000000000, 0.0000000000000000000, 0.0000000000000000000 ) ) ;
#1321 = VERTEX_POINT ( 'NONE', #1313 ) ;
#1322 = LINE ( 'NONE', #2049, #1739 ) ;
#1323 = DIRECTION ( 'NONE',  ( -2.910291356552616400E-018, -0.9990482215818580200, 0.04361938736532878400 ) ) ;
#1324 = EDGE_CURVE ( 'NONE', #1790, #645, #457, .T. ) ;
#1325 = CARTESIAN_POINT ( 'NONE',  ( 1.449999999999999100, 1.099999999999922200, 22.50000000000001400 ) ) ;
#1326 = DIRECTION ( 'NONE',  ( -1.000000000000000000, 0.0000000000000000000, 0.0000000000000000000 ) ) ;
#1327 = EDGE_CURVE ( 'NONE', #1790, #1087, #566, .T. ) ;
#1328 = ORIENTED_EDGE ( 'NONE', *, *, #1918, .F. ) ;
#1329 = EDGE_CURVE ( 'NONE', #2169, #1700, #1281, .T. ) ;
#1330 = CARTESIAN_POINT ( 'NONE',  ( 1.250000000000000200, -0.3000000000000103100, 2.526196565745118900 ) ) ;
#1331 = DIRECTION ( 'NONE',  ( 1.000000000000000000, 0.0000000000000000000, 0.0000000000000000000 ) ) ;
#1332 = CONICAL_SURFACE ( 'NONE', #1118, 1.297461455988124600, 0.08726646259971306000 ) ;
#1333 = ADVANCED_FACE ( 'NONE', ( #781 ), #1163, .F. ) ;
#1334 = ORIENTED_EDGE ( 'NONE', *, *, #738, .T. ) ;
#1335 = LINE ( 'NONE', #438, #2032 ) ;
#1336 = DIRECTION ( 'NONE',  ( 0.0000000000000000000, 1.000000000000000000, 3.491481338843133400E-015 ) ) ;
#1337 = ORIENTED_EDGE ( 'NONE', *, *, #415, .T. ) ;
#1338 = ADVANCED_FACE ( 'NONE', ( #751, #1314 ), #1636, .T. ) ;
#1339 = ORIENTED_EDGE ( 'NONE', *, *, #1812, .T. ) ;
#1340 = CARTESIAN_POINT ( 'NONE',  ( 15.45000000000000100, -1.900000000000101200, 28.50000000000000000 ) ) ;
#1341 = STYLED_ITEM ( 'NONE', ( #1914 ), #639 ) ;
#1342 = MECHANICAL_DESIGN_GEOMETRIC_PRESENTATION_REPRESENTATION (  '', ( #970 ), #1468 ) ;
#1343 = PLANE ( 'NONE',  #717 ) ;
#1344 = EDGE_CURVE ( 'NONE', #856, #473, #1626, .T. ) ;
#1345 = PRODUCT_DEFINITION ( '未知', '', #1471, #914 ) ;
#1346 = VECTOR ( 'NONE', #239, 1000.000000000000000 ) ;
#1347 = DIRECTION ( 'NONE',  ( 0.0000000000000000000, -1.000000000000000000, -3.491481338843133400E-015 ) ) ;
#1348 = LINE ( 'NONE', #660, #908 ) ;
#1349 = DIRECTION ( 'NONE',  ( -1.239088197126290600E-016, -3.643269642991104000E-015, 1.000000000000000000 ) ) ;
#1350 = ORIENTED_EDGE ( 'NONE', *, *, #1280, .F. ) ;
#1351 = PLANE ( 'NONE',  #2208 ) ;
#1352 = UNCERTAINTY_MEASURE_WITH_UNIT (LENGTH_MEASURE( 1.000000000000000100E-005 ), #1023, 'distance_accuracy_value', 'NONE');
#1353 = AXIS2_PLACEMENT_3D ( 'NONE', #1325, #740, #376 ) ;
#1354 = ADVANCED_FACE ( 'NONE', ( #261 ), #1654, .F. ) ;
#1355 = DIRECTION ( 'NONE',  ( 6.672013369141566700E-017, 3.491481338843133400E-015, -1.000000000000000000 ) ) ;
#1356 = CARTESIAN_POINT ( 'NONE',  ( -3.550000000000000300, 1.499999999999947600, 14.50000000000001200 ) ) ;
#1357 = DIRECTION ( 'NONE',  ( 0.0000000000000000000, 3.621415408221843200E-015, -1.000000000000000000 ) ) ;
#1358 = ORIENTED_EDGE ( 'NONE', *, *, #170, .F. ) ;
#1359 = VERTEX_POINT ( 'NONE', #1071 ) ;
#1360 = EDGE_CURVE ( 'NONE', #1884, #820, #316, .T. ) ;
#1361 = VECTOR ( 'NONE', #2334, 1000.000000000000000 ) ;
#1362 = PLANE ( 'NONE',  #1058 ) ;
#1363 = ADVANCED_FACE ( 'NONE', ( #1286, #1851, #722, #176, #963 ), #2238, .F. ) ;
#1364 = CARTESIAN_POINT ( 'NONE',  ( 12.15000000000000000, -0.3000000000000103100, 2.526196565745118900 ) ) ;
#1365 = CARTESIAN_POINT ( 'NONE',  ( 0.5000000000000013300, 3.100000000000059200, -17.49999999999998200 ) ) ;
#1366 = EDGE_LOOP ( 'NONE', ( #663, #724 ) ) ;
#1367 = CARTESIAN_POINT ( 'NONE',  ( -3.550000000000000300, -1.900000000000080500, 22.50000000000000000 ) ) ;
#1368 = ORIENTED_EDGE ( 'NONE', *, *, #2332, .T. ) ;
#1369 =( GEOMETRIC_REPRESENTATION_CONTEXT ( 3 ) GLOBAL_UNCERTAINTY_ASSIGNED_CONTEXT ( ( #1242 ) ) GLOBAL_UNIT_ASSIGNED_CONTEXT ( ( #83, #1039, #1018 ) ) REPRESENTATION_CONTEXT ( 'NONE', 'WORKASPACE' ) );
#1370 = SURFACE_STYLE_FILL_AREA ( #263 ) ;
#1371 = CARTESIAN_POINT ( 'NONE',  ( 14.45000000000000100, 1.499999999999954500, 12.50000000000001200 ) ) ;
#1372 = LINE ( 'NONE', #530, #2266 ) ;
#1373 = FILL_AREA_STYLE_COLOUR ( '', #901 ) ;
#1374 = EDGE_CURVE ( 'NONE', #99, #1690, #425, .T. ) ;
#1375 = LINE ( 'NONE', #1511, #881 ) ;
#1376 = DIRECTION ( 'NONE',  ( 0.0000000000000000000, 0.9961946980917455500, 0.08715574274765841600 ) ) ;
#1377 = DIRECTION ( 'NONE',  ( 4.956352788505164000E-017, 3.491481338843133400E-015, -1.000000000000000000 ) ) ;
#1378 = CARTESIAN_POINT ( 'NONE',  ( 12.15000000000000000, 0.3000000000000623800, -17.49999999999998900 ) ) ;
#1379 = CARTESIAN_POINT ( 'NONE',  ( 3.800000000000000300, 3.099999999999920600, 22.50000000000001400 ) ) ;
#1380 = DIRECTION ( 'NONE',  ( 1.000000000000000000, 0.0000000000000000000, 0.0000000000000000000 ) ) ;
#1381 = ORIENTED_EDGE ( 'NONE', *, *, #1554, .T. ) ;
#1382 = VERTEX_POINT ( 'NONE', #374 ) ;
#1383 = STYLED_ITEM ( 'NONE', ( #1241 ), #520 ) ;
#1384 = CARTESIAN_POINT ( 'NONE',  ( 6.950000000000001100, -0.3000000000000103100, 2.526196565745118900 ) ) ;
#1385 = CARTESIAN_POINT ( 'NONE',  ( 14.45000000000000100, -1.900000000000052800, 14.79746145598812600 ) ) ;
#1386 = AXIS2_PLACEMENT_3D ( 'NONE', #2341, #1438, #1462 ) ;
#1387 = PLANE ( 'NONE',  #1082 ) ;
#1388 = VECTOR ( 'NONE', #528, 1000.000000000000200 ) ;
#1389 = DIRECTION ( 'NONE',  ( 0.0000000000000000000, 0.08715574274765841600, -0.9961946980917455500 ) ) ;
#1390 = DIRECTION ( 'NONE',  ( -2.910291356552616400E-018, 0.9990482215818578000, 0.04361938736533576400 ) ) ;
#1391 = FACE_OUTER_BOUND ( 'NONE', #2024, .T. ) ;
#1392 = DIRECTION ( 'NONE',  ( 1.000000000000000000, 0.0000000000000000000, 0.0000000000000000000 ) ) ;
#1393 = DIRECTION ( 'NONE',  ( 0.0000000000000000000, -1.000000000000000000, -3.491481338843133400E-015 ) ) ;
#1394 = CARTESIAN_POINT ( 'NONE',  ( 15.30155279411105300, -1.900000000000056100, 15.50000000000000400 ) ) ;
#1395 = DIRECTION ( 'NONE',  ( 0.0000000000000000000, -1.000000000000000000, -3.491481338843133400E-015 ) ) ;
#1396 = ORIENTED_EDGE ( 'NONE', *, *, #1271, .T. ) ;
#1397 = EDGE_CURVE ( 'NONE', #1056, #2087, #2210, .T. ) ;
#1398 = VECTOR ( 'NONE', #2262, 1000.000000000000000 ) ;
#1399 = AXIS2_PLACEMENT_3D ( 'NONE', #1799, #1947, #1312 ) ;
#1400 = PRESENTATION_STYLE_ASSIGNMENT (( #225 ) ) ;
#1401 = CARTESIAN_POINT ( 'NONE',  ( -4.549999999999998000, 1.500000000000301500, 2.552393131490242200 ) ) ;
#1402 = DIRECTION ( 'NONE',  ( 0.04357795025174549700, 0.9980991556472298400, -0.04357795025174057000 ) ) ;
#1403 = VECTOR ( 'NONE', #855, 1000.000000000000300 ) ;
#1404 = DIRECTION ( 'NONE',  ( 0.0000000000000000000, 1.000000000000000000, 3.491481338843133400E-015 ) ) ;
#1405 = ADVANCED_FACE ( 'NONE', ( #947 ), #289, .T. ) ;
#1406 = VECTOR ( 'NONE', #146, 1000.000000000000100 ) ;
#1407 = EDGE_CURVE ( 'NONE', #716, #145, #981, .T. ) ;
#1408 =( NAMED_UNIT ( * ) PLANE_ANGLE_UNIT ( ) SI_UNIT ( $, .RADIAN. ) );
#1409 = CARTESIAN_POINT ( 'NONE',  ( 9.650000000000000400, -0.3000000000000033800, 0.7500000000000041100 ) ) ;
#1410 = ORIENTED_EDGE ( 'NONE', *, *, #583, .F. ) ;
#1411 =( NAMED_UNIT ( * ) PLANE_ANGLE_UNIT ( ) SI_UNIT ( $, .RADIAN. ) );
#1412 = VERTEX_POINT ( 'NONE', #743 ) ;
#1413 = ORIENTED_EDGE ( 'NONE', *, *, #1638, .T. ) ;
#1414 = VERTEX_POINT ( 'NONE', #240 ) ;
#1415 = EDGE_LOOP ( 'NONE', ( #1316, #1463, #1496, #569 ) ) ;
#1416 = VERTEX_POINT ( 'NONE', #2001 ) ;
#1417 = DIRECTION ( 'NONE',  ( 0.0000000000000000000, 1.000000000000000000, 3.491481338843133400E-015 ) ) ;
#1418 = STYLED_ITEM ( 'NONE', ( #1543 ), #2285 ) ;
#1419 = CARTESIAN_POINT ( 'NONE',  ( -1.249999999999999300, 0.2999999999999895000, 2.500000000000016000 ) ) ;
#1420 = EDGE_CURVE ( 'NONE', #34, #2149, #2282, .T. ) ;
#1421 = FACE_OUTER_BOUND ( 'NONE', #1277, .T. ) ;
#1422 = ORIENTED_EDGE ( 'NONE', *, *, #2348, .T. ) ;
#1423 = VECTOR ( 'NONE', #1955, 1000.000000000000100 ) ;
#1424 = DIRECTION ( 'NONE',  ( -1.000000000000000000, 0.0000000000000000000, 0.0000000000000000000 ) ) ;
#1425 = CARTESIAN_POINT ( 'NONE',  ( -1.249999999999999300, 0.2999999999999895000, 2.500000000000016000 ) ) ;
#1426 = DIRECTION ( 'NONE',  ( 0.7071067811865483500, 2.468850131082262600E-015, -0.7071067811865466800 ) ) ;
#1427 = CARTESIAN_POINT ( 'NONE',  ( 5.949999999999997500, 0.2999999999999999300, 1.040834085586084300E-014 ) ) ;
#1428 =( GEOMETRIC_REPRESENTATION_CONTEXT ( 3 ) GLOBAL_UNCERTAINTY_ASSIGNED_CONTEXT ( ( #1861 ) ) GLOBAL_UNIT_ASSIGNED_CONTEXT ( ( #401, #1534, #222 ) ) REPRESENTATION_CONTEXT ( 'NONE', 'WORKASPACE' ) );
#1429 = STYLED_ITEM ( 'NONE', ( #2107 ), #1491 ) ;
#1430 = DIRECTION ( 'NONE',  ( -1.000000000000000000, 0.0000000000000000000, 0.0000000000000000000 ) ) ;
#1431 = CARTESIAN_POINT ( 'NONE',  ( 0.5000000000000004400, 3.100000000000000500, 1.387778780781445700E-014 ) ) ;
#1432 = ORIENTED_EDGE ( 'NONE', *, *, #661, .T. ) ;
#1433 = LINE ( 'NONE', #1767, #424 ) ;
#1434 = EDGE_CURVE ( 'NONE', #2303, #878, #1984, .T. ) ;
#1435 = EDGE_CURVE ( 'NONE', #300, #742, #1290, .T. ) ;
#1436 = ORIENTED_EDGE ( 'NONE', *, *, #188, .F. ) ;
#1437 = DIRECTION ( 'NONE',  ( 0.04357795025174347100, -0.9980991556472299500, 0.04357795025174057700 ) ) ;
#1438 = DIRECTION ( 'NONE',  ( -0.9990482215818579100, 0.04361938736533371000, 8.563964608971998000E-017 ) ) ;
#1439 = ORIENTED_EDGE ( 'NONE', *, *, #561, .F. ) ;
#1440 = EDGE_LOOP ( 'NONE', ( #2122, #1841, #1718, #1194 ) ) ;
#1441 = CARTESIAN_POINT ( 'NONE',  ( 3.950000000000000200, 0.2999999999999964400, 1.000000000000014700 ) ) ;
#1442 = ORIENTED_EDGE ( 'NONE', *, *, #2136, .F. ) ;
#1443 = EDGE_CURVE ( 'NONE', #1165, #1464, #860, .T. ) ;
#1444 = ORIENTED_EDGE ( 'NONE', *, *, #317, .F. ) ;
#1445 = LINE ( 'NONE', #861, #1199 ) ;
#1446 = VERTEX_POINT ( 'NONE', #1632 ) ;
#1447 = DIRECTION ( 'NONE',  ( 0.0000000000000000000, 1.000000000000000000, 3.491481338843133400E-015 ) ) ;
#1448 = ORIENTED_EDGE ( 'NONE', *, *, #1617, .T. ) ;
#1449 = DIRECTION ( 'NONE',  ( 0.0000000000000000000, 1.000000000000000000, 3.491481338843133400E-015 ) ) ;
#1450 = ORIENTED_EDGE ( 'NONE', *, *, #924, .F. ) ;
#1451 = CARTESIAN_POINT ( 'NONE',  ( 9.449999999999999300, -1.900000000000080500, 22.50000000000000000 ) ) ;
#1452 = PLANE ( 'NONE',  #1097 ) ;
#1453 = UNCERTAINTY_MEASURE_WITH_UNIT (LENGTH_MEASURE( 1.000000000000000100E-005 ), #926, 'distance_accuracy_value', 'NONE');
#1454 = DIRECTION ( 'NONE',  ( 0.0000000000000000000, -3.643269642991104000E-015, 1.000000000000000000 ) ) ;
#1455 = EDGE_CURVE ( 'NONE', #1171, #757, #2119, .T. ) ;
#1456 = UNCERTAINTY_MEASURE_WITH_UNIT (LENGTH_MEASURE( 1.000000000000000100E-005 ), #2084, 'distance_accuracy_value', 'NONE');
#1457 = CARTESIAN_POINT ( 'NONE',  ( 4.950000000000002800, -0.2999999999999409300, -17.49999999999999600 ) ) ;
#1458 =( NAMED_UNIT ( * ) PLANE_ANGLE_UNIT ( ) SI_UNIT ( $, .RADIAN. ) );
#1459 = DIRECTION ( 'NONE',  ( 0.0000000000000000000, -1.000000000000000000, -3.491481338843133400E-015 ) ) ;
#1460 = ORIENTED_EDGE ( 'NONE', *, *, #644, .F. ) ;
#1461 = LINE ( 'NONE', #1268, #971 ) ;
#1462 = DIRECTION ( 'NONE',  ( -6.672013369141566700E-017, -3.491481338843133400E-015, 1.000000000000000000 ) ) ;
#1463 = ORIENTED_EDGE ( 'NONE', *, *, #997, .F. ) ;
#1464 = VERTEX_POINT ( 'NONE', #1575 ) ;
#1465 = AXIS2_PLACEMENT_3D ( 'NONE', #2126, #879, #683 ) ;
#1466 = VECTOR ( 'NONE', #291, 1000.000000000000000 ) ;
#1467 = DIRECTION ( 'NONE',  ( 0.0000000000000000000, -1.000000000000000000, -3.491481338843133400E-015 ) ) ;
#1468 =( GEOMETRIC_REPRESENTATION_CONTEXT ( 3 ) GLOBAL_UNCERTAINTY_ASSIGNED_CONTEXT ( ( #651 ) ) GLOBAL_UNIT_ASSIGNED_CONTEXT ( ( #1038, #1049, #1898 ) ) REPRESENTATION_CONTEXT ( 'NONE', 'WORKASPACE' ) );
#1469 = CARTESIAN_POINT ( 'NONE',  ( 14.45000000000000100, 1.499999999999919800, 22.50000000000001400 ) ) ;
#1470 = EDGE_CURVE ( 'NONE', #2301, #496, #493, .T. ) ;
#1471 = PRODUCT_DEFINITION_FORMATION_WITH_SPECIFIED_SOURCE ( '任何', '', #611, .NOT_KNOWN. ) ;
#1472 = CARTESIAN_POINT ( 'NONE',  ( 10.40000000000000000, -0.3000000000000016500, 0.0000000000000000000 ) ) ;
#1473 = MANIFOLD_SOLID_BREP ( 'Mold', #521 ) ;
#1474 = ADVANCED_FACE ( 'NONE', ( #400 ), #1160, .F. ) ;
#1475 = CARTESIAN_POINT ( 'NONE',  ( 15.30155279411105300, -1.900000000000087400, 24.79746145598811300 ) ) ;
#1476 = ORIENTED_EDGE ( 'NONE', *, *, #1570, .F. ) ;
#1477 = ORIENTED_EDGE ( 'NONE', *, *, #1858, .F. ) ;
#1478 = PLANE ( 'NONE',  #885 ) ;
#1479 = CARTESIAN_POINT ( 'NONE',  ( 14.45000000000000100, -1.900000000000087400, 24.79746145598811300 ) ) ;
#1480 = ORIENTED_EDGE ( 'NONE', *, *, #1324, .T. ) ;
#1481 =( NAMED_UNIT ( * ) SI_UNIT ( $, .STERADIAN. ) SOLID_ANGLE_UNIT ( ) );
#1482 = EDGE_LOOP ( 'NONE', ( #857, #2351, #1477, #1900 ) ) ;
#1483 = DIRECTION ( 'NONE',  ( -1.000000000000000000, 6.056754644426116500E-031, -1.734723475976807100E-016 ) ) ;
#1484 = VECTOR ( 'NONE', #2117, 1000.000000000000100 ) ;
#1485 = AXIS2_PLACEMENT_3D ( 'NONE', #329, #2291, #345 ) ;
#1486 = VECTOR ( 'NONE', #601, 1000.000000000000000 ) ;
#1487 = DIRECTION ( 'NONE',  ( 0.0000000000000000000, -1.000000000000000000, -3.491481338843133400E-015 ) ) ;
#1488 = ORIENTED_EDGE ( 'NONE', *, *, #1775, .T. ) ;
#1489 = CARTESIAN_POINT ( 'NONE',  ( 6.950000000000001100, -0.2999999999999374800, -17.49999999999999600 ) ) ;
#1490 = CIRCLE ( 'NONE', #983, 1.650000000000000400 ) ;
#1491 = MANIFOLD_SOLID_BREP ( 'Lead3', #1964 ) ;
#1492 = ORIENTED_EDGE ( 'NONE', *, *, #188, .T. ) ;
#1493 = DIRECTION ( 'NONE',  ( 0.0000000000000000000, -3.491481338843133400E-015, 1.000000000000000000 ) ) ;
#1494 = EDGE_CURVE ( 'NONE', #1697, #1641, #1935, .T. ) ;
#1495 = DIRECTION ( 'NONE',  ( -1.000000000000000000, -0.0000000000000000000, 0.0000000000000000000 ) ) ;
#1496 = ORIENTED_EDGE ( 'NONE', *, *, #220, .F. ) ;
#1497 = COLOUR_RGB ( '',1.000000000000000000, 1.000000000000000000, 1.000000000000000000 ) ;
#1498 = DIRECTION ( 'NONE',  ( -1.000000000000000000, 0.0000000000000000000, 0.0000000000000000000 ) ) ;
#1499 = VECTOR ( 'NONE', #11, 1000.000000000000200 ) ;
#1500 = DIRECTION ( 'NONE',  ( 0.0000000000000000000, -1.000000000000000000, -3.491481338843133400E-015 ) ) ;
#1501 = VERTEX_POINT ( 'NONE', #89 ) ;
#1502 = EDGE_CURVE ( 'NONE', #925, #1895, #490, .T. ) ;
#1503 = DIRECTION ( 'NONE',  ( 0.0000000000000000000, -3.643269642991104000E-015, 1.000000000000000000 ) ) ;
#1504 = DIRECTION ( 'NONE',  ( -0.0000000000000000000, 1.000000000000000000, 3.491481338843133400E-015 ) ) ;
#1505 = ORIENTED_EDGE ( 'NONE', *, *, #1026, .T. ) ;
#1506 = ORIENTED_EDGE ( 'NONE', *, *, #292, .F. ) ;
#1507 = ADVANCED_FACE ( 'NONE', ( #55 ), #206, .F. ) ;
#1508 = ORIENTED_EDGE ( 'NONE', *, *, #1962, .T. ) ;
#1509 = DIRECTION ( 'NONE',  ( 1.000000000000000000, 0.0000000000000000000, 0.0000000000000000000 ) ) ;
#1510 = FACE_OUTER_BOUND ( 'NONE', #1579, .T. ) ;
#1511 = CARTESIAN_POINT ( 'NONE',  ( -4.549999999999998000, 0.2999999999997709500, 2.500000000000005800 ) ) ;
#1512 = LINE ( 'NONE', #1611, #1009 ) ;
#1513 = ORIENTED_EDGE ( 'NONE', *, *, #533, .T. ) ;
#1514 = AXIS2_PLACEMENT_3D ( 'NONE', #499, #1943, #1620 ) ;
#1515 = ORIENTED_EDGE ( 'NONE', *, *, #1494, .F. ) ;
#1516 = PRESENTATION_STYLE_ASSIGNMENT (( #1710 ) ) ;
#1517 = ORIENTED_EDGE ( 'NONE', *, *, #765, .T. ) ;
#1518 = DIRECTION ( 'NONE',  ( 1.000000000000000000, 0.0000000000000000000, 0.0000000000000000000 ) ) ;
#1519 = ORIENTED_EDGE ( 'NONE', *, *, #2226, .T. ) ;
#1520 = ORIENTED_EDGE ( 'NONE', *, *, #421, .T. ) ;
#1521 = VECTOR ( 'NONE', #735, 1000.000000000000000 ) ;
#1522 = ORIENTED_EDGE ( 'NONE', *, *, #317, .T. ) ;
#1523 = LINE ( 'NONE', #1125, #974 ) ;
#1524 = EDGE_CURVE ( 'NONE', #1975, #604, #996, .T. ) ;
#1525 = DIRECTION ( 'NONE',  ( 1.000000000000000000, 0.0000000000000000000, 0.0000000000000000000 ) ) ;
#1526 = CARTESIAN_POINT ( 'NONE',  ( 6.950000000000001100, -0.2999999999999374800, -17.49999999999999600 ) ) ;
#1527 = AXIS2_PLACEMENT_3D ( 'NONE', #1787, #1487, #1509 ) ;
#1528 = DIRECTION ( 'NONE',  ( 0.7071067811865451300, -2.468850131082274000E-015, 0.7071067811865500200 ) ) ;
#1529 = ORIENTED_EDGE ( 'NONE', *, *, #1584, .F. ) ;
#1530 = ORIENTED_EDGE ( 'NONE', *, *, #1891, .T. ) ;
#1531 = EDGE_CURVE ( 'NONE', #2169, #793, #1433, .T. ) ;
#1532 = ORIENTED_EDGE ( 'NONE', *, *, #1443, .T. ) ;
#1533 = VECTOR ( 'NONE', #310, 1000.000000000000000 ) ;
#1534 =( NAMED_UNIT ( * ) PLANE_ANGLE_UNIT ( ) SI_UNIT ( $, .RADIAN. ) );
#1535 = EDGE_LOOP ( 'NONE', ( #1256, #1745, #1047, #1480 ) ) ;
#1536 = ORIENTED_EDGE ( 'NONE', *, *, #2101, .T. ) ;
#1537 = FACE_OUTER_BOUND ( 'NONE', #2206, .T. ) ;
#1538 = ORIENTED_EDGE ( 'NONE', *, *, #896, .T. ) ;
#1539 = AXIS2_PLACEMENT_3D ( 'NONE', #697, #1565, #1228 ) ;
#1540 = CARTESIAN_POINT ( 'NONE',  ( 15.30155279411105300, -1.900000000000056100, 15.50000000000000400 ) ) ;
#1541 = AXIS2_PLACEMENT_3D ( 'NONE', #2010, #1114, #2189 ) ;
#1542 = EDGE_CURVE ( 'NONE', #2054, #1149, #943, .T. ) ;
#1543 = PRESENTATION_STYLE_ASSIGNMENT (( #2111 ) ) ;
#1544 = CARTESIAN_POINT ( 'NONE',  ( 3.950000000000000200, 3.099999999999997000, 1.000000000000021800 ) ) ;
#1545 = PLANE ( 'NONE',  #259 ) ;
#1546 = VECTOR ( 'NONE', #1598, 1000.000000000000000 ) ;
#1547 = PLANE ( 'NONE',  #403 ) ;
#1548 = VERTEX_POINT ( 'NONE', #1441 ) ;
#1549 = DIRECTION ( 'NONE',  ( 1.000000000000000000, 0.0000000000000000000, 0.0000000000000000000 ) ) ;
#1550 = AXIS2_PLACEMENT_3D ( 'NONE', #1915, #1668, #1971 ) ;
#1551 = ORIENTED_EDGE ( 'NONE', *, *, #2336, .T. ) ;
#1552 = DIRECTION ( 'NONE',  ( 0.0000000000000000000, 3.621415408221843200E-015, -1.000000000000000000 ) ) ;
#1553 = PLANE ( 'NONE',  #1729 ) ;
#1554 = EDGE_CURVE ( 'NONE', #1582, #379, #1375, .T. ) ;
#1555 = EDGE_CURVE ( 'NONE', #82, #977, #545, .T. ) ;
#1556 = VECTOR ( 'NONE', #1424, 1000.000000000000000 ) ;
#1557 = CARTESIAN_POINT ( 'NONE',  ( -3.550000000000000300, 1.499999999999950900, 13.50000000000001400 ) ) ;
#1558 = DIRECTION ( 'NONE',  ( -1.000000000000000000, 0.0000000000000000000, 0.0000000000000000000 ) ) ;
#1559 = ORIENTED_EDGE ( 'NONE', *, *, #476, .F. ) ;
#1560 = CARTESIAN_POINT ( 'NONE',  ( 12.15000000000000000, -0.3000000000000103100, 2.526196565745118900 ) ) ;
#1561 = VECTOR ( 'NONE', #558, 1000.000000000000200 ) ;
#1562 = VECTOR ( 'NONE', #832, 1000.000000000000000 ) ;
#1563 = EDGE_CURVE ( 'NONE', #2228, #226, #1837, .T. ) ;
#1564 = CARTESIAN_POINT ( 'NONE',  ( -3.550000000000000300, -1.900000000000080500, 22.50000000000000000 ) ) ;
#1565 = DIRECTION ( 'NONE',  ( -0.0000000000000000000, 1.000000000000000000, 3.491481338843133400E-015 ) ) ;
#1566 = DIRECTION ( 'NONE',  ( -0.9990482215818579100, 0.04361938736533371000, 8.563964608971998000E-017 ) ) ;
#1567 = ORIENTED_EDGE ( 'NONE', *, *, #1789, .T. ) ;
#1568 = CONICAL_SURFACE ( 'NONE', #2154, 2.297461455988110600, 0.08726646259971321300 ) ;
#1569 = CARTESIAN_POINT ( 'NONE',  ( -3.550000000000000300, -1.900000000000049200, 13.50000000000000200 ) ) ;
#1570 = EDGE_CURVE ( 'NONE', #226, #1644, #373, .T. ) ;
#1571 = EDGE_LOOP ( 'NONE', ( #1506, #772, #2152, #1712, #2279 ) ) ;
#1572 = FACE_OUTER_BOUND ( 'NONE', #2140, .T. ) ;
#1573 = PLANE ( 'NONE',  #115 ) ;
#1574 =( LENGTH_UNIT ( ) NAMED_UNIT ( * ) SI_UNIT ( .MILLI., .METRE. ) );
#1575 = CARTESIAN_POINT ( 'NONE',  ( 15.45000000000000100, 1.499999999999947600, 14.50000000000001200 ) ) ;
#1576 = APPLICATION_PROTOCOL_DEFINITION ( 'draft international standard', 'automotive_design', 1998, #1749 ) ;
#1577 = ADVANCED_FACE ( 'NONE', ( #2240 ), #1545, .T. ) ;
#1578 = PRESENTATION_LAYER_ASSIGNMENT (  '', '', ( #1341 ) ) ;
#1579 = EDGE_LOOP ( 'NONE', ( #1221, #35, #931, #1173 ) ) ;
#1580 = DIRECTION ( 'NONE',  ( 6.672013369141566700E-017, 3.491481338843133400E-015, -1.000000000000000000 ) ) ;
#1581 = DIRECTION ( 'NONE',  ( -1.000000000000000000, 0.0000000000000000000, 0.0000000000000000000 ) ) ;
#1582 = VERTEX_POINT ( 'NONE', #1848 ) ;
#1583 = ORIENTED_EDGE ( 'NONE', *, *, #906, .F. ) ;
#1584 = EDGE_CURVE ( 'NONE', #793, #1501, #1322, .T. ) ;
#1585 = PRODUCT_RELATED_PRODUCT_CATEGORY ( 'part', '', ( #611 ) ) ;
#1586 = ORIENTED_EDGE ( 'NONE', *, *, #514, .F. ) ;
#1587 = COLOUR_RGB ( '',1.000000000000000000, 1.000000000000000000, 1.000000000000000000 ) ;
#1588 = VECTOR ( 'NONE', #1032, 1000.000000000000100 ) ;
#1589 = LINE ( 'NONE', #1019, #1798 ) ;
#1590 = VERTEX_POINT ( 'NONE', #2272 ) ;
#1591 = DIRECTION ( 'NONE',  ( 1.000000000000000000, 0.0000000000000000000, 0.0000000000000000000 ) ) ;
#1592 = FILL_AREA_STYLE ('',( #1373 ) ) ;
#1593 = ORIENTED_EDGE ( 'NONE', *, *, #2046, .F. ) ;
#1594 = AXIS2_PLACEMENT_3D ( 'NONE', #365, #2330, #452 ) ;
#1595 = STYLED_ITEM ( 'NONE', ( #1400 ), #1354 ) ;
#1596 = PLANE ( 'NONE',  #915 ) ;
#1597 = LINE ( 'NONE', #388, #1102 ) ;
#1598 = DIRECTION ( 'NONE',  ( -1.000000000000000000, 0.0000000000000000000, 0.0000000000000000000 ) ) ;
#1599 = LINE ( 'NONE', #109, #1991 ) ;
#1600 = PLANE ( 'NONE',  #211 ) ;
#1601 = ORIENTED_EDGE ( 'NONE', *, *, #2302, .T. ) ;
#1602 = EDGE_CURVE ( 'NONE', #1446, #721, #2190, .T. ) ;
#1603 = DIRECTION ( 'NONE',  ( -6.672013369141566700E-017, -3.491481338843133700E-015, 1.000000000000000000 ) ) ;
#1604 =( NAMED_UNIT ( * ) SI_UNIT ( $, .STERADIAN. ) SOLID_ANGLE_UNIT ( ) );
#1605 = ORIENTED_EDGE ( 'NONE', *, *, #2089, .T. ) ;
#1606 = ORIENTED_EDGE ( 'NONE', *, *, #339, .T. ) ;
#1607 = ORIENTED_EDGE ( 'NONE', *, *, #200, .T. ) ;
#1608 = ORIENTED_EDGE ( 'NONE', *, *, #1687, .F. ) ;
#1609 = VERTEX_POINT ( 'NONE', #1969 ) ;
#1610 = ADVANCED_FACE ( 'NONE', ( #314 ), #1689, .F. ) ;
#1611 = CARTESIAN_POINT ( 'NONE',  ( 5.450000000000001100, -1.900000000000087400, 24.79746145598811300 ) ) ;
#1612 =( GEOMETRIC_REPRESENTATION_CONTEXT ( 3 ) GLOBAL_UNCERTAINTY_ASSIGNED_CONTEXT ( ( #1880 ) ) GLOBAL_UNIT_ASSIGNED_CONTEXT ( ( #1127, #1411, #2281 ) ) REPRESENTATION_CONTEXT ( 'NONE', 'WORKASPACE' ) );
#1613 = ORIENTED_EDGE ( 'NONE', *, *, #37, .T. ) ;
#1614 = FACE_OUTER_BOUND ( 'NONE', #920, .T. ) ;
#1615 = ORIENTED_EDGE ( 'NONE', *, *, #1397, .T. ) ;
#1616 = CIRCLE ( 'NONE', #767, 1.650000000000000400 ) ;
#1617 = EDGE_CURVE ( 'NONE', #856, #2344, #265, .T. ) ;
#1618 = LINE ( 'NONE', #2059, #2260 ) ;
#1619 = DIRECTION ( 'NONE',  ( 1.000000000000000000, 0.0000000000000000000, -0.0000000000000000000 ) ) ;
#1620 = DIRECTION ( 'NONE',  ( 1.000000000000000000, 0.0000000000000000000, 0.0000000000000000000 ) ) ;
#1621 = CARTESIAN_POINT ( 'NONE',  ( -2.252538544011875500, -1.900000000000049200, 13.50000000000000200 ) ) ;
#1622 = SURFACE_STYLE_USAGE ( .BOTH. , #2273 ) ;
#1623 = ADVANCED_FACE ( 'NONE', ( #1258 ), #2257, .T. ) ;
#1624 = LINE ( 'NONE', #654, #420 ) ;
#1625 = MECHANICAL_DESIGN_GEOMETRIC_PRESENTATION_REPRESENTATION (  '', ( #1383 ), #1742 ) ;
#1626 = LINE ( 'NONE', #1237, #335 ) ;
#1627 = PLANE ( 'NONE',  #470 ) ;
#1628 = AXIS2_PLACEMENT_3D ( 'NONE', #475, #672, #866 ) ;
#1629 = VECTOR ( 'NONE', #1882, 1000.000000000000000 ) ;
#1630 = VERTEX_POINT ( 'NONE', #2016 ) ;
#1631 = LINE ( 'NONE', #2042, #141 ) ;
#1632 = CARTESIAN_POINT ( 'NONE',  ( 15.45000000000000100, 3.099999999999989900, 2.622250640143861200 ) ) ;
#1633 = CARTESIAN_POINT ( 'NONE',  ( -4.401552794111058400, -1.900000000000087400, 24.79746145598811000 ) ) ;
#1634 = CARTESIAN_POINT ( 'NONE',  ( -3.550000000000000300, -1.900000000000071900, 20.20253854401189000 ) ) ;
#1635 = ORIENTED_EDGE ( 'NONE', *, *, #2226, .F. ) ;
#1636 = PLANE ( 'NONE',  #1717 ) ;
#1637 = EDGE_LOOP ( 'NONE', ( #1159, #680, #1532, #962 ) ) ;
#1638 = EDGE_CURVE ( 'NONE', #643, #752, #2131, .T. ) ;
#1639 = UNCERTAINTY_MEASURE_WITH_UNIT (LENGTH_MEASURE( 1.000000000000000100E-005 ), #1119, 'distance_accuracy_value', 'NONE');
#1640 = AXIS2_PLACEMENT_3D ( 'NONE', #161, #1845, #1495 ) ;
#1641 = VERTEX_POINT ( 'NONE', #416 ) ;
#1642 = VECTOR ( 'NONE', #1437, 1000.000000000000100 ) ;
#1643 = CARTESIAN_POINT ( 'NONE',  ( 12.15000000000000000, -0.3000000000000103100, 2.526196565745118900 ) ) ;
#1644 = VERTEX_POINT ( 'NONE', #1621 ) ;
#1645 = COLOUR_RGB ( '',1.000000000000000000, 1.000000000000000000, 1.000000000000000000 ) ;
#1646 = FACE_OUTER_BOUND ( 'NONE', #1693, .T. ) ;
#1647 = CARTESIAN_POINT ( 'NONE',  ( 1.250000000000000200, 0.2999999999999895000, 2.500000000000016000 ) ) ;
#1648 = ADVANCED_FACE ( 'NONE', ( #1129 ), #1478, .F. ) ;
#1649 = EDGE_CURVE ( 'NONE', #1700, #1224, #208, .T. ) ;
#1650 = DIRECTION ( 'NONE',  ( 1.000000000000000000, 0.0000000000000000000, -0.0000000000000000000 ) ) ;
#1651 = CARTESIAN_POINT ( 'NONE',  ( -3.550000000000000300, 1.499999999999913000, 24.50000000000001400 ) ) ;
#1652 = ORIENTED_EDGE ( 'NONE', *, *, #686, .T. ) ;
#1653 = CARTESIAN_POINT ( 'NONE',  ( 11.40000000000000000, 0.2999999999999999300, 3.469446951953614200E-015 ) ) ;
#1654 = PLANE ( 'NONE',  #49 ) ;
#1655 = VECTOR ( 'NONE', #2202, 1000.000000000000000 ) ;
#1656 = EDGE_CURVE ( 'NONE', #721, #1501, #1631, .T. ) ;
#1657 = AXIS2_PLACEMENT_3D ( 'NONE', #900, #465, #2265 ) ;
#1658 = LINE ( 'NONE', #1419, #2044 ) ;
#1659 = AXIS2_PLACEMENT_3D ( 'NONE', #1696, #2017, #1331 ) ;
#1660 = SURFACE_STYLE_FILL_AREA ( #1959 ) ;
#1661 = PLANE ( 'NONE',  #967 ) ;
#1662 = EDGE_CURVE ( 'NONE', #1966, #1890, #634, .T. ) ;
#1663 = FACE_OUTER_BOUND ( 'NONE', #2040, .T. ) ;
#1664 = ORIENTED_EDGE ( 'NONE', *, *, #1638, .F. ) ;
#1665 = DIRECTION ( 'NONE',  ( 1.000000000000000000, 0.0000000000000000000, 0.0000000000000000000 ) ) ;
#1666 = ORIENTED_EDGE ( 'NONE', *, *, #1918, .T. ) ;
#1667 = ORIENTED_EDGE ( 'NONE', *, *, #117, .T. ) ;
#1668 = DIRECTION ( 'NONE',  ( 0.0000000000000000000, -1.000000000000000000, -3.491481338843133400E-015 ) ) ;
#1669 = CARTESIAN_POINT ( 'NONE',  ( 10.20000000000000100, -1.900000000000080500, 22.50000000000000000 ) ) ;
#1670 = CARTESIAN_POINT ( 'NONE',  ( 11.39999999999999700, -0.2999999999999999300, 0.0000000000000000000 ) ) ;
#1671 = AXIS2_PLACEMENT_3D ( 'NONE', #1701, #394, #1525 ) ;
#1672 = ORIENTED_EDGE ( 'NONE', *, *, #2348, .F. ) ;
#1673 = FACE_OUTER_BOUND ( 'NONE', #1482, .T. ) ;
#1674 = MECHANICAL_DESIGN_GEOMETRIC_PRESENTATION_REPRESENTATION (  '', ( #1429 ), #1782 ) ;
#1675 = VERTEX_POINT ( 'NONE', #871 ) ;
#1676 = VECTOR ( 'NONE', #2060, 1000.000000000000000 ) ;
#1677 = ORIENTED_EDGE ( 'NONE', *, *, #385, .T. ) ;
#1678 = ORIENTED_EDGE ( 'NONE', *, *, #738, .F. ) ;
#1679 = DIRECTION ( 'NONE',  ( 1.000000000000000000, 0.0000000000000000000, 0.0000000000000000000 ) ) ;
#1680 = DIRECTION ( 'NONE',  ( -1.000000000000000000, -0.0000000000000000000, 0.0000000000000000000 ) ) ;
#1681 = EDGE_CURVE ( 'NONE', #1895, #448, #1187, .T. ) ;
#1682 = EDGE_LOOP ( 'NONE', ( #152, #119, #2300, #952 ) ) ;
#1683 = PLANE ( 'NONE',  #1965 ) ;
#1684 = LINE ( 'NONE', #2069, #1182 ) ;
#1685 = ORIENTED_EDGE ( 'NONE', *, *, #548, .F. ) ;
#1686 = CYLINDRICAL_SURFACE ( 'NONE', #2027, 0.7499999999999997800 ) ;
#1687 = EDGE_CURVE ( 'NONE', #841, #496, #2014, .T. ) ;
#1688 = DIRECTION ( 'NONE',  ( -6.672013369141565500E-017, -3.491481338843133400E-015, 1.000000000000000000 ) ) ;
#1689 = CYLINDRICAL_SURFACE ( 'NONE', #498, 0.7500000000000006700 ) ;
#1690 = VERTEX_POINT ( 'NONE', #1425 ) ;
#1691 = ADVANCED_FACE ( 'NONE', ( #1572 ), #2355, .F. ) ;
#1692 = VERTEX_POINT ( 'NONE', #784 ) ;
#1693 = EDGE_LOOP ( 'NONE', ( #1442, #691, #978, #322 ) ) ;
#1694 = EDGE_CURVE ( 'NONE', #878, #318, #1081, .T. ) ;
#1695 = ORIENTED_EDGE ( 'NONE', *, *, #778, .F. ) ;
#1696 = CARTESIAN_POINT ( 'NONE',  ( 5.450000000000001100, 1.099999999999970800, 8.500000000000012400 ) ) ;
#1697 = VERTEX_POINT ( 'NONE', #2311 ) ;
#1698 = PLANE ( 'NONE',  #897 ) ;
#1699 = ORIENTED_EDGE ( 'NONE', *, *, #1720, .T. ) ;
#1700 = VERTEX_POINT ( 'NONE', #2148 ) ;
#1701 = CARTESIAN_POINT ( 'NONE',  ( 5.450000000000001100, -1.900000000000080500, 22.50000000000000000 ) ) ;
#1702 = DIRECTION ( 'NONE',  ( 1.000000000000000000, 0.0000000000000000000, 0.0000000000000000000 ) ) ;
#1703 = MECHANICAL_DESIGN_GEOMETRIC_PRESENTATION_REPRESENTATION (  '', ( #1341 ), #1803 ) ;
#1704 = VECTOR ( 'NONE', #507, 1000.000000000000000 ) ;
#1705 = AXIS2_PLACEMENT_3D ( 'NONE', #1723, #180, #1003 ) ;
#1706 = CARTESIAN_POINT ( 'NONE',  ( 9.449999999999999300, 1.099999999999922200, 22.50000000000001400 ) ) ;
#1707 = ORIENTED_EDGE ( 'NONE', *, *, #896, .F. ) ;
#1708 = EDGE_CURVE ( 'NONE', #742, #269, #90, .T. ) ;
#1709 = ORIENTED_EDGE ( 'NONE', *, *, #1789, .F. ) ;
#1710 = SURFACE_STYLE_USAGE ( .BOTH. , #586 ) ;
#1711 = DIRECTION ( 'NONE',  ( -0.0000000000000000000, 1.000000000000000000, 3.491481338843133400E-015 ) ) ;
#1712 = ORIENTED_EDGE ( 'NONE', *, *, #2263, .F. ) ;
#1713 = ORIENTED_EDGE ( 'NONE', *, *, #987, .T. ) ;
#1714 = LINE ( 'NONE', #759, #719 ) ;
#1715 = LINE ( 'NONE', #1647, #290 ) ;
#1716 = CARTESIAN_POINT ( 'NONE',  ( -3.550000000000000300, 1.499999999999913000, 24.50000000000001400 ) ) ;
#1717 = AXIS2_PLACEMENT_3D ( 'NONE', #939, #1302, #1996 ) ;
#1718 = ORIENTED_EDGE ( 'NONE', *, *, #593, .T. ) ;
#1719 = EDGE_LOOP ( 'NONE', ( #2290, #1098, #745, #2004 ) ) ;
#1720 = EDGE_CURVE ( 'NONE', #432, #1321, #1954, .T. ) ;
#1721 = DIRECTION ( 'NONE',  ( 0.0000000000000000000, 1.000000000000000000, 3.491481338843133400E-015 ) ) ;
#1722 = ORIENTED_EDGE ( 'NONE', *, *, #347, .F. ) ;
#1723 = CARTESIAN_POINT ( 'NONE',  ( 14.45000000000000100, 1.499999999999892100, 13.50000000000001400 ) ) ;
#1724 = VERTEX_POINT ( 'NONE', #1972 ) ;
#1725 = LINE ( 'NONE', #151, #1304 ) ;
#1726 = VERTEX_POINT ( 'NONE', #1994 ) ;
#1727 = DIRECTION ( 'NONE',  ( 1.000000000000000000, 0.0000000000000000000, 0.0000000000000000000 ) ) ;
#1728 = ORIENTED_EDGE ( 'NONE', *, *, #1271, .F. ) ;
#1729 = AXIS2_PLACEMENT_3D ( 'NONE', #822, #1920, #469 ) ;
#1730 = ORIENTED_EDGE ( 'NONE', *, *, #1113, .T. ) ;
#1731 = SURFACE_STYLE_USAGE ( .BOTH. , #1741 ) ;
#1732 = EDGE_CURVE ( 'NONE', #1165, #1412, #1523, .T. ) ;
#1733 = COLOUR_RGB ( '',1.000000000000000000, 1.000000000000000000, 1.000000000000000000 ) ;
#1734 = ORIENTED_EDGE ( 'NONE', *, *, #1088, .T. ) ;
#1735 = DIRECTION ( 'NONE',  ( 0.0000000000000000000, -1.000000000000000000, -3.491481338843133400E-015 ) ) ;
#1736 = CARTESIAN_POINT ( 'NONE',  ( 15.30155279411105300, -1.900000000000011000, 2.596054074398730800 ) ) ;
#1737 = FACE_OUTER_BOUND ( 'NONE', #1867, .T. ) ;
#1738 = ORIENTED_EDGE ( 'NONE', *, *, #95, .F. ) ;
#1739 = VECTOR ( 'NONE', #1402, 1000.000000000000200 ) ;
#1740 = CARTESIAN_POINT ( 'NONE',  ( 3.950000000000000200, 3.099999999999945000, 15.50000000000002100 ) ) ;
#1741 = SURFACE_SIDE_STYLE ('',( #2075 ) ) ;
#1742 =( GEOMETRIC_REPRESENTATION_CONTEXT ( 3 ) GLOBAL_UNCERTAINTY_ASSIGNED_CONTEXT ( ( #163 ) ) GLOBAL_UNIT_ASSIGNED_CONTEXT ( ( #143, #1458, #326 ) ) REPRESENTATION_CONTEXT ( 'NONE', 'WORKASPACE' ) );
#1743 = DIRECTION ( 'NONE',  ( 0.0000000000000000000, 1.000000000000000000, 3.491481338843133400E-015 ) ) ;
#1744 = EDGE_LOOP ( 'NONE', ( #405, #746, #1117, #149, #1024 ) ) ;
#1745 = ORIENTED_EDGE ( 'NONE', *, *, #117, .F. ) ;
#1746 = CARTESIAN_POINT ( 'NONE',  ( -4.401552794111060200, -1.900000000000071900, 20.20253854401189000 ) ) ;
#1747 = VERTEX_POINT ( 'NONE', #2343 ) ;
#1748 = VERTEX_POINT ( 'NONE', #2331 ) ;
#1749 = APPLICATION_CONTEXT ( 'automotive_design' ) ;
#1750 = LINE ( 'NONE', #2041, #2179 ) ;
#1751 = EDGE_CURVE ( 'NONE', #441, #1726, #1859, .T. ) ;
#1752 =( LENGTH_UNIT ( ) NAMED_UNIT ( * ) SI_UNIT ( .MILLI., .METRE. ) );
#1753 = ORIENTED_EDGE ( 'NONE', *, *, #1191, .F. ) ;
#1754 = SURFACE_STYLE_FILL_AREA ( #248 ) ;
#1755 = DIRECTION ( 'NONE',  ( 6.672013369141565500E-017, 3.491481338843133400E-015, -1.000000000000000000 ) ) ;
#1756 = DIRECTION ( 'NONE',  ( -1.000000000000000000, 0.0000000000000000000, 0.0000000000000000000 ) ) ;
#1757 = DIRECTION ( 'NONE',  ( 0.7071067811865487900, 2.560727392647110500E-015, -0.7071067811865463500 ) ) ;
#1758 =( NAMED_UNIT ( * ) PLANE_ANGLE_UNIT ( ) SI_UNIT ( $, .RADIAN. ) );
#1759 = LINE ( 'NONE', #999, #782 ) ;
#1760 = CARTESIAN_POINT ( 'NONE',  ( 15.45000000000000100, 0.2999999999997709500, 2.500000000000009300 ) ) ;
#1761 = EDGE_CURVE ( 'NONE', #794, #330, #1910, .T. ) ;
#1762 = EDGE_LOOP ( 'NONE', ( #487, #1586, #1092, #1795, #165 ) ) ;
#1763 = EDGE_LOOP ( 'NONE', ( #1672, #8, #246, #1153 ) ) ;
#1764 = VECTOR ( 'NONE', #1985, 1000.000000000000000 ) ;
#1765 = FACE_OUTER_BOUND ( 'NONE', #371, .T. ) ;
#1766 = SURFACE_SIDE_STYLE ('',( #2104 ) ) ;
#1767 = CARTESIAN_POINT ( 'NONE',  ( -4.549999999999998900, 0.3000000000000727600, 28.50000000000000700 ) ) ;
#1768 = DIRECTION ( 'NONE',  ( 0.9990482215818580200, 0.04361938736533167700, 2.189529079059381200E-016 ) ) ;
#1769 = CARTESIAN_POINT ( 'NONE',  ( 3.950000000000000200, -0.3000000000000103100, 2.526196565745118900 ) ) ;
#1770 = DIRECTION ( 'NONE',  ( 0.0000000000000000000, 0.9990482215818581300, -0.04361938736532790900 ) ) ;
#1771 = AXIS2_PLACEMENT_3D ( 'NONE', #29, #2224, #1860 ) ;
#1772 = DIRECTION ( 'NONE',  ( 0.0000000000000000000, -1.000000000000000000, -3.491481338843133400E-015 ) ) ;
#1773 = ORIENTED_EDGE ( 'NONE', *, *, #1063, .F. ) ;
#1774 = CARTESIAN_POINT ( 'NONE',  ( 5.450000000000001100, -1.900000000000071900, 20.20253854401189000 ) ) ;
#1775 = EDGE_CURVE ( 'NONE', #1359, #798, #2329, .T. ) ;
#1776 = PLANE ( 'NONE',  #995 ) ;
#1777 = DIRECTION ( 'NONE',  ( -1.239088197126290600E-016, -3.491481338843133400E-015, 1.000000000000000000 ) ) ;
#1778 = CARTESIAN_POINT ( 'NONE',  ( 1.250000000000000200, -0.3000000000000103100, 2.526196565745118900 ) ) ;
#1779 = ORIENTED_EDGE ( 'NONE', *, *, #1681, .F. ) ;
#1780 = ORIENTED_EDGE ( 'NONE', *, *, #1891, .F. ) ;
#1781 = AXIS2_PLACEMENT_3D ( 'NONE', #31, #1143, #2207 ) ;
#1782 =( GEOMETRIC_REPRESENTATION_CONTEXT ( 3 ) GLOBAL_UNCERTAINTY_ASSIGNED_CONTEXT ( ( #1352 ) ) GLOBAL_UNIT_ASSIGNED_CONTEXT ( ( #1023, #294, #1481 ) ) REPRESENTATION_CONTEXT ( 'NONE', 'WORKASPACE' ) );
#1783 = CARTESIAN_POINT ( 'NONE',  ( 3.950000000000001100, -0.3000000000000033800, 1.000000000000011300 ) ) ;
#1784 = ADVANCED_FACE ( 'NONE', ( #464 ), #483, .T. ) ;
#1785 = ORIENTED_EDGE ( 'NONE', *, *, #2015, .F. ) ;
#1786 = VECTOR ( 'NONE', #1876, 1000.000000000000000 ) ;
#1787 = CARTESIAN_POINT ( 'NONE',  ( 1.449999999999999100, -1.900000000000080500, 22.50000000000000400 ) ) ;
#1788 = PLANE ( 'NONE',  #2151 ) ;
#1789 = EDGE_CURVE ( 'NONE', #2344, #82, #1811, .T. ) ;
#1790 = VERTEX_POINT ( 'NONE', #508 ) ;
#1791 = ORIENTED_EDGE ( 'NONE', *, *, #1420, .F. ) ;
#1792 = ORIENTED_EDGE ( 'NONE', *, *, #642, .T. ) ;
#1793 = DIRECTION ( 'NONE',  ( 0.0000000000000000000, -1.000000000000000000, -3.491481338843133400E-015 ) ) ;
#1794 = CONICAL_SURFACE ( 'NONE', #323, 1.999999999999998200, 0.08726646259971321300 ) ;
#1795 = ORIENTED_EDGE ( 'NONE', *, *, #858, .F. ) ;
#1796 = DIRECTION ( 'NONE',  ( 6.672013369141565500E-017, 3.491481338843133400E-015, -1.000000000000000000 ) ) ;
#1797 = EDGE_CURVE ( 'NONE', #752, #1802, #1348, .T. ) ;
#1798 = VECTOR ( 'NONE', #1008, 1000.000000000000000 ) ;
#1799 = CARTESIAN_POINT ( 'NONE',  ( 1.449999999999999100, 1.099999999999922200, 22.50000000000001400 ) ) ;
#1800 = DIRECTION ( 'NONE',  ( 0.0000000000000000000, -1.000000000000000000, -3.643269642991104000E-015 ) ) ;
#1801 = VECTOR ( 'NONE', #1376, 1000.000000000000000 ) ;
#1802 = VERTEX_POINT ( 'NONE', #714 ) ;
#1803 =( GEOMETRIC_REPRESENTATION_CONTEXT ( 3 ) GLOBAL_UNCERTAINTY_ASSIGNED_CONTEXT ( ( #584 ) ) GLOBAL_UNIT_ASSIGNED_CONTEXT ( ( #1574, #1067, #1276 ) ) REPRESENTATION_CONTEXT ( 'NONE', 'WORKASPACE' ) );
#1804 = ADVANCED_FACE ( 'NONE', ( #849 ), #518, .T. ) ;
#1805 = DIRECTION ( 'NONE',  ( -0.7071067811865466800, 2.576180670250104700E-015, -0.7071067811865483500 ) ) ;
#1806 = AXIS2_PLACEMENT_3D ( 'NONE', #274, #1001, #1908 ) ;
#1807 = LINE ( 'NONE', #749, #2209 ) ;
#1808 = DIRECTION ( 'NONE',  ( 1.000000000000000000, -5.191503980936672400E-031, 1.486905836551549300E-016 ) ) ;
#1809 = CARTESIAN_POINT ( 'NONE',  ( 15.30155279411105300, -1.900000000000071900, 20.20253854401189000 ) ) ;
#1810 = ORIENTED_EDGE ( 'NONE', *, *, #1435, .F. ) ;
#1811 = LINE ( 'NONE', #547, #2270 ) ;
#1812 = EDGE_CURVE ( 'NONE', #2344, #2204, #340, .T. ) ;
#1813 = PLANE ( 'NONE',  #454 ) ;
#1814 = EDGE_LOOP ( 'NONE', ( #391, #1248, #951, #418 ) ) ;
#1815 = PRESENTATION_STYLE_ASSIGNMENT (( #380 ) ) ;
#1816 = DIRECTION ( 'NONE',  ( 0.0000000000000000000, -3.491481338843133400E-015, 1.000000000000000000 ) ) ;
#1817 = CARTESIAN_POINT ( 'NONE',  ( -2.252538544011875500, -1.900000000000049200, 13.50000000000000200 ) ) ;
#1818 =( LENGTH_UNIT ( ) NAMED_UNIT ( * ) SI_UNIT ( .MILLI., .METRE. ) );
#1819 = ORIENTED_EDGE ( 'NONE', *, *, #1974, .F. ) ;
#1820 = ADVANCED_FACE ( 'NONE', ( #1765 ), #941, .T. ) ;
#1821 = ADVANCED_FACE ( 'NONE', ( #786 ), #733, .F. ) ;
#1822 = AXIS2_PLACEMENT_3D ( 'NONE', #85, #2254, #1392 ) ;
#1823 = PRESENTATION_LAYER_ASSIGNMENT (  '', '', ( #1595 ) ) ;
#1824 = CIRCLE ( 'NONE', #2026, 0.7500000000000006700 ) ;
#1825 = DIRECTION ( 'NONE',  ( 1.000000000000000000, 0.0000000000000000000, 0.0000000000000000000 ) ) ;
#1826 = LINE ( 'NONE', #1093, #1361 ) ;
#1827 = FACE_OUTER_BOUND ( 'NONE', #116, .T. ) ;
#1828 = EDGE_CURVE ( 'NONE', #842, #99, #1715, .T. ) ;
#1829 = VECTOR ( 'NONE', #1518, 1000.000000000000000 ) ;
#1830 = DIRECTION ( 'NONE',  ( 0.0000000000000000000, -1.000000000000000000, -3.491481338843133400E-015 ) ) ;
#1831 = ORIENTED_EDGE ( 'NONE', *, *, #858, .T. ) ;
#1832 = CARTESIAN_POINT ( 'NONE',  ( 4.950000000000002800, 0.3000000000000623800, -17.49999999999998900 ) ) ;
#1833 = PLANE ( 'NONE',  #1594 ) ;
#1834 = VECTOR ( 'NONE', #1390, 1000.000000000000000 ) ;
#1835 = DIRECTION ( 'NONE',  ( -1.733072403610928000E-016, 0.04361938736532914400, 0.9990482215818581300 ) ) ;
#1836 = ADVANCED_FACE ( 'NONE', ( #2162 ), #1600, .F. ) ;
#1837 = LINE ( 'NONE', #353, #1786 ) ;
#1838 = EDGE_CURVE ( 'NONE', #99, #320, #233, .T. ) ;
#1839 = CARTESIAN_POINT ( 'NONE',  ( 14.45000000000000100, 1.499999999999950900, 13.50000000000001400 ) ) ;
#1840 = ORIENTED_EDGE ( 'NONE', *, *, #1563, .T. ) ;
#1841 = ORIENTED_EDGE ( 'NONE', *, *, #2213, .T. ) ;
#1842 = ORIENTED_EDGE ( 'NONE', *, *, #1211, .T. ) ;
#1843 = AXIS2_PLACEMENT_3D ( 'NONE', #1951, #912, #1591 ) ;
#1844 = VECTOR ( 'NONE', #1688, 1000.000000000000000 ) ;
#1845 = DIRECTION ( 'NONE',  ( 0.0000000000000000000, -0.08715574274765128200, -0.9961946980917461000 ) ) ;
#1846 = VERTEX_POINT ( 'NONE', #1269 ) ;
#1847 = DIRECTION ( 'NONE',  ( 0.0000000000000000000, -1.000000000000000000, -3.491481338843133400E-015 ) ) ;
#1848 = CARTESIAN_POINT ( 'NONE',  ( -4.549999999999998000, 3.099999999999989900, 2.622250640143847500 ) ) ;
#1849 = FILL_AREA_STYLE ('',( #1137 ) ) ;
#1850 = ORIENTED_EDGE ( 'NONE', *, *, #1232, .T. ) ;
#1851 = FACE_BOUND ( 'NONE', #1366, .T. ) ;
#1852 = DIRECTION ( 'NONE',  ( -1.000000000000000000, 4.109940651574863800E-031, -1.177133787269976100E-016 ) ) ;
#1853 = LINE ( 'NONE', #2090, #1398 ) ;
#1854 = SURFACE_STYLE_FILL_AREA ( #1179 ) ;
#1855 = VECTOR ( 'NONE', #2132, 1000.000000000000000 ) ;
#1856 = CIRCLE ( 'NONE', #658, 1.650000000000000400 ) ;
#1857 = ADVANCED_FACE ( 'NONE', ( #725 ), #1813, .F. ) ;
#1858 = EDGE_CURVE ( 'NONE', #1133, #330, #1157, .T. ) ;
#1859 = LINE ( 'NONE', #2350, #1406 ) ;
#1860 = DIRECTION ( 'NONE',  ( 1.000000000000000000, 0.0000000000000000000, 0.0000000000000000000 ) ) ;
#1861 = UNCERTAINTY_MEASURE_WITH_UNIT (LENGTH_MEASURE( 1.000000000000000100E-005 ), #401, 'distance_accuracy_value', 'NONE');
#1862 = EDGE_CURVE ( 'NONE', #20, #34, #1225, .T. ) ;
#1863 = FILL_AREA_STYLE ('',( #2034 ) ) ;
#1864 = ORIENTED_EDGE ( 'NONE', *, *, #450, .F. ) ;
#1865 = ORIENTED_EDGE ( 'NONE', *, *, #593, .F. ) ;
#1866 = ORIENTED_EDGE ( 'NONE', *, *, #1992, .T. ) ;
#1867 = EDGE_LOOP ( 'NONE', ( #687, #24, #1337, #1791 ) ) ;
#1868 = ORIENTED_EDGE ( 'NONE', *, *, #1649, .T. ) ;
#1869 = LINE ( 'NONE', #2110, #1556 ) ;
#1870 = AXIS2_PLACEMENT_3D ( 'NONE', #2235, #2103, #1949 ) ;
#1871 = ORIENTED_EDGE ( 'NONE', *, *, #1026, .F. ) ;
#1872 = PRESENTATION_LAYER_ASSIGNMENT (  '', '', ( #1418 ) ) ;
#1873 = ORIENTED_EDGE ( 'NONE', *, *, #1251, .F. ) ;
#1874 = EDGE_CURVE ( 'NONE', #1726, #1690, #1658, .T. ) ;
#1875 = CARTESIAN_POINT ( 'NONE',  ( 0.4999999999999961100, 3.100000000000000500, 1.387778780781445700E-014 ) ) ;
#1876 = DIRECTION ( 'NONE',  ( 1.000000000000000000, 0.0000000000000000000, 0.0000000000000000000 ) ) ;
#1877 = VECTOR ( 'NONE', #770, 1000.000000000000000 ) ;
#1878 = VECTOR ( 'NONE', #2083, 1000.000000000000000 ) ;
#1879 = FILL_AREA_STYLE_COLOUR ( '', #1645 ) ;
#1880 = UNCERTAINTY_MEASURE_WITH_UNIT (LENGTH_MEASURE( 1.000000000000000100E-005 ), #1127, 'distance_accuracy_value', 'NONE');
#1881 = DIRECTION ( 'NONE',  ( -6.672013369141566700E-017, -3.491481338843133400E-015, 1.000000000000000000 ) ) ;
#1882 = DIRECTION ( 'NONE',  ( 0.0000000000000000000, -3.643269642991104000E-015, 1.000000000000000000 ) ) ;
#1883 =( NAMED_UNIT ( * ) PLANE_ANGLE_UNIT ( ) SI_UNIT ( $, .RADIAN. ) );
#1884 = VERTEX_POINT ( 'NONE', #2259 ) ;
#1885 = DIRECTION ( 'NONE',  ( 0.0000000000000000000, -1.000000000000000000, -3.643269642991104000E-015 ) ) ;
#1886 = DIRECTION ( 'NONE',  ( -0.0000000000000000000, 0.08715574274765128200, 0.9961946980917461000 ) ) ;
#1887 = CARTESIAN_POINT ( 'NONE',  ( 15.45000000000000100, 3.099999999999899700, 28.37774935985618900 ) ) ;
#1888 = DIRECTION ( 'NONE',  ( 0.0000000000000000000, -1.000000000000000000, -3.491481338843133400E-015 ) ) ;
#1889 = VECTOR ( 'NONE', #668, 1000.000000000000000 ) ;
#1890 = VERTEX_POINT ( 'NONE', #641 ) ;
#1891 = EDGE_CURVE ( 'NONE', #2317, #1111, #598, .T. ) ;
#1893 = LINE ( 'NONE', #581, #1210 ) ;
#1892 = FILL_AREA_STYLE ('',( #1027 ) ) ;
#1894 = LINE ( 'NONE', #1330, #1982 ) ;
#1895 = VERTEX_POINT ( 'NONE', #1196 ) ;
#1896 = DIRECTION ( 'NONE',  ( 0.0000000000000000000, -1.000000000000000000, -3.491481338843133400E-015 ) ) ;
#1897 = ADVANCED_FACE ( 'NONE', ( #664 ), #621, .F. ) ;
#1898 =( NAMED_UNIT ( * ) SI_UNIT ( $, .STERADIAN. ) SOLID_ANGLE_UNIT ( ) );
#1899 =( NAMED_UNIT ( * ) SI_UNIT ( $, .STERADIAN. ) SOLID_ANGLE_UNIT ( ) );
#1900 = ORIENTED_EDGE ( 'NONE', *, *, #2108, .F. ) ;
#1901 = EDGE_CURVE ( 'NONE', #645, #841, #1599, .T. ) ;
#1902 = ADVANCED_FACE ( 'NONE', ( #1057 ), #1387, .F. ) ;
#1903 = VECTOR ( 'NONE', #256, 1000.000000000000000 ) ;
#1904 = ORIENTED_EDGE ( 'NONE', *, *, #2101, .F. ) ;
#1905 = CARTESIAN_POINT ( 'NONE',  ( 1.250000000000000200, 0.2999999999999964400, 0.7500000000000075500 ) ) ;
#1906 = VECTOR ( 'NONE', #334, 1000.000000000000100 ) ;
#1907 = CIRCLE ( 'NONE', #287, 0.7499999999999997800 ) ;
#1908 = DIRECTION ( 'NONE',  ( 0.0000000000000000000, -3.621415408221843200E-015, 1.000000000000000000 ) ) ;
#1909 = EDGE_LOOP ( 'NONE', ( #1381, #928, #2231, #2073, #734, #308, #1270, #889 ) ) ;
#1910 = LINE ( 'NONE', #1472, #1466 ) ;
#1911 =( NAMED_UNIT ( * ) SI_UNIT ( $, .STERADIAN. ) SOLID_ANGLE_UNIT ( ) );
#1912 = DIRECTION ( 'NONE',  ( 1.000000000000000000, 0.0000000000000000000, 0.0000000000000000000 ) ) ;
#1913 = AXIS2_PLACEMENT_3D ( 'NONE', #458, #359, #444 ) ;
#1914 = PRESENTATION_STYLE_ASSIGNMENT (( #1020 ) ) ;
#1915 = CARTESIAN_POINT ( 'NONE',  ( 1.449999999999999100, 1.099999999999922200, 22.50000000000001400 ) ) ;
#1916 = ORIENTED_EDGE ( 'NONE', *, *, #806, .F. ) ;
#1917 =( NAMED_UNIT ( * ) SI_UNIT ( $, .STERADIAN. ) SOLID_ANGLE_UNIT ( ) );
#1918 = EDGE_CURVE ( 'NONE', #1309, #1263, #1104, .T. ) ;
#1919 = ORIENTED_EDGE ( 'NONE', *, *, #1034, .T. ) ;
#1920 = DIRECTION ( 'NONE',  ( 0.7071067811865451300, -2.468850131082274000E-015, 0.7071067811865500200 ) ) ;
#1921 = DIRECTION ( 'NONE',  ( -0.04345371644180783700, 0.9952537335912752200, 0.08707341902108674300 ) ) ;
#1922 = DIRECTION ( 'NONE',  ( 0.0000000000000000000, -3.643269642991104000E-015, 1.000000000000000000 ) ) ;
#1923 = ORIENTED_EDGE ( 'NONE', *, *, #104, .T. ) ;
#1924 = VECTOR ( 'NONE', #2130, 1000.000000000000000 ) ;
#1925 = CIRCLE ( 'NONE', #1223, 1.000000000000000900 ) ;
#1926 = AXIS2_PLACEMENT_3D ( 'NONE', #1192, #629, #1743 ) ;
#1927 = ORIENTED_EDGE ( 'NONE', *, *, #1708, .T. ) ;
#1928 = MECHANICAL_DESIGN_GEOMETRIC_PRESENTATION_REPRESENTATION (  '', ( #1595 ), #2043 ) ;
#1929 = DIRECTION ( 'NONE',  ( 0.0000000000000000000, -0.9961946980917461000, 0.08715574274765143500 ) ) ;
#1930 = EDGE_CURVE ( 'NONE', #1087, #1111, #544, .T. ) ;
#1931 = VECTOR ( 'NONE', #1178, 1000.000000000000000 ) ;
#1932 = CARTESIAN_POINT ( 'NONE',  ( -0.5000000000000004400, 0.2999999999999999300, 0.0000000000000000000 ) ) ;
#1933 = FILL_AREA_STYLE_COLOUR ( '', #595 ) ;
#1934 = CARTESIAN_POINT ( 'NONE',  ( 0.6999999999999992900, -1.900000000000080500, 22.50000000000000700 ) ) ;
#1935 = LINE ( 'NONE', #864, #1499 ) ;
#1936 = DIRECTION ( 'NONE',  ( 1.000000000000000000, 0.0000000000000000000, 0.0000000000000000000 ) ) ;
#1937 = CARTESIAN_POINT ( 'NONE',  ( 12.15000000000000000, -0.2999999999999374800, -17.49999999999999600 ) ) ;
#1938 = STYLED_ITEM ( 'NONE', ( #2157 ), #332 ) ;
#1939 = EDGE_CURVE ( 'NONE', #2317, #1416, #177, .T. ) ;
#1940 = EDGE_LOOP ( 'NONE', ( #1448, #1567, #264, #298 ) ) ;
#1941 = CARTESIAN_POINT ( 'NONE',  ( -4.398894624552499800, -1.960882092357271800, 14.80278794888112200 ) ) ;
#1942 = ORIENTED_EDGE ( 'NONE', *, *, #1315, .F. ) ;
#1943 = DIRECTION ( 'NONE',  ( 0.0000000000000000000, -1.000000000000000000, -3.491481338843133400E-015 ) ) ;
#1944 = LINE ( 'NONE', #818, #1924 ) ;
#1945 = VECTOR ( 'NONE', #25, 1000.000000000000000 ) ;
#1946 = EDGE_LOOP ( 'NONE', ( #1583, #363, #1536, #436 ) ) ;
#1947 = DIRECTION ( 'NONE',  ( 0.0000000000000000000, -1.000000000000000000, -3.491481338843133400E-015 ) ) ;
#1948 = PLANE ( 'NONE',  #2080 ) ;
#1949 = DIRECTION ( 'NONE',  ( 1.000000000000000000, 0.0000000000000000000, 0.0000000000000000000 ) ) ;
#1950 = LINE ( 'NONE', #713, #21 ) ;
#1951 = CARTESIAN_POINT ( 'NONE',  ( 14.45000000000000100, 1.499999999999919800, 22.50000000000001400 ) ) ;
#1952 = ORIENTED_EDGE ( 'NONE', *, *, #2015, .T. ) ;
#1953 = ORIENTED_EDGE ( 'NONE', *, *, #1407, .T. ) ;
#1954 = LINE ( 'NONE', #2106, #517 ) ;
#1955 = DIRECTION ( 'NONE',  ( 0.0000000000000000000, -0.9990482215818581300, 0.04361938736532790200 ) ) ;
#1956 = CARTESIAN_POINT ( 'NONE',  ( 4.950000000000001100, 3.100000000000000500, 2.081668171172168500E-014 ) ) ;
#1957 = CARTESIAN_POINT ( 'NONE',  ( -4.401552794111058400, -1.900000000000071900, 20.20253854401189000 ) ) ;
#1958 = ADVANCED_FACE ( 'NONE', ( #488 ), #1033, .F. ) ;
#1959 = FILL_AREA_STYLE ('',( #542 ) ) ;
#1960 = EDGE_LOOP ( 'NONE', ( #1707, #503, #1730, #2066 ) ) ;
#1961 = DIRECTION ( 'NONE',  ( 0.0000000000000000000, -0.9961946980917455500, -0.08715574274765824900 ) ) ;
#1962 = EDGE_CURVE ( 'NONE', #1037, #1166, #2186, .T. ) ;
#1963 = COLOUR_RGB ( '',1.000000000000000000, 1.000000000000000000, 1.000000000000000000 ) ;
#1964 = CLOSED_SHELL ( 'NONE', ( #1857, #633, #2166, #2037, #1784, #2324, #693, #541, #1507, #599 ) ) ;
#1965 = AXIS2_PLACEMENT_3D ( 'NONE', #1740, #1619, #1447 ) ;
#1966 = VERTEX_POINT ( 'NONE', #826 ) ;
#1967 = CARTESIAN_POINT ( 'NONE',  ( 5.450000000000001100, 3.099999999999920600, 22.50000000000002100 ) ) ;
#1968 = COLOUR_RGB ( '',0.0000000000000000000, 0.0000000000000000000, 1.000000000000000000 ) ;
#1969 = CARTESIAN_POINT ( 'NONE',  ( 4.950000000000001100, -0.3000000000000016500, 6.938893903907228400E-015 ) ) ;
#1970 = CARTESIAN_POINT ( 'NONE',  ( 5.450000000000001100, -1.900000000000101200, 28.40394592560127400 ) ) ;
#1971 = DIRECTION ( 'NONE',  ( 1.000000000000000000, 0.0000000000000000000, 0.0000000000000000000 ) ) ;
#1972 = CARTESIAN_POINT ( 'NONE',  ( -1.249999999999999300, -0.3000000000000103100, 2.526196565745118900 ) ) ;
#1973 = ORIENTED_EDGE ( 'NONE', *, *, #789, .T. ) ;
#1974 = EDGE_CURVE ( 'NONE', #1724, #495, #1318, .T. ) ;
#1975 = VERTEX_POINT ( 'NONE', #2098 ) ;
#1976 = ADVANCED_FACE ( 'NONE', ( #1737 ), #1686, .F. ) ;
#1977 = VECTOR ( 'NONE', #2118, 1000.000000000000000 ) ;
#1978 = PRESENTATION_STYLE_ASSIGNMENT (( #1168 ) ) ;
#1979 = DIRECTION ( 'NONE',  ( -1.000000000000000000, 0.0000000000000000000, 0.0000000000000000000 ) ) ;
#1980 = ADVANCED_FACE ( 'NONE', ( #1255 ), #2077, .F. ) ;
#1981 = DIRECTION ( 'NONE',  ( 0.0000000000000000000, 1.000000000000000000, 3.491481338843133400E-015 ) ) ;
#1982 = VECTOR ( 'NONE', #2009, 1000.000000000000000 ) ;
#1983 = CARTESIAN_POINT ( 'NONE',  ( 10.20000000000000100, 1.099999999999922200, 22.50000000000001400 ) ) ;
#1984 = CIRCLE ( 'NONE', #543, 1.297461455988125500 ) ;
#1985 = DIRECTION ( 'NONE',  ( 0.0000000000000000000, -1.000000000000000000, -3.491481338843133400E-015 ) ) ;
#1986 = AXIS2_PLACEMENT_3D ( 'NONE', #492, #516, #1417 ) ;
#1987 = CARTESIAN_POINT ( 'NONE',  ( 14.45000000000000100, 1.499999999999954500, 12.50000000000001200 ) ) ;
#1988 = MECHANICAL_DESIGN_GEOMETRIC_PRESENTATION_REPRESENTATION (  '', ( #1418 ), #2112 ) ;
#1989 = FACE_OUTER_BOUND ( 'NONE', #406, .T. ) ;
#1990 = CARTESIAN_POINT ( 'NONE',  ( -3.550000000000000300, 1.499999999999885200, 14.50000000000001200 ) ) ;
#1991 = VECTOR ( 'NONE', #260, 1000.000000000000100 ) ;
#1992 = EDGE_CURVE ( 'NONE', #2261, #1037, #262, .T. ) ;
#1993 = ORIENTED_EDGE ( 'NONE', *, *, #1662, .T. ) ;
#1994 = CARTESIAN_POINT ( 'NONE',  ( -1.249999999999999300, 0.2999999999999964400, 0.7500000000000041100 ) ) ;
#1995 = CARTESIAN_POINT ( 'NONE',  ( 6.950000000000001100, -0.3000000000000033800, 1.000000000000014700 ) ) ;
#1996 = DIRECTION ( 'NONE',  ( -1.000000000000000000, 0.0000000000000000000, 0.0000000000000000000 ) ) ;
#1997 = AXIS2_PLACEMENT_3D ( 'NONE', #1469, #991, #1202 ) ;
#1998 = ADVANCED_FACE ( 'NONE', ( #311 ), #138, .F. ) ;
#1999 = FACE_OUTER_BOUND ( 'NONE', #61, .T. ) ;
#2000 = ORIENTED_EDGE ( 'NONE', *, *, #1828, .T. ) ;
#2001 = CARTESIAN_POINT ( 'NONE',  ( 11.40000000000000000, -0.2999999999999409300, -17.49999999999999600 ) ) ;
#2002 = ADVANCED_FACE ( 'NONE', ( #2128 ), #1568, .F. ) ;
#2003 = CARTESIAN_POINT ( 'NONE',  ( 15.45000000000000100, 1.500000000000238900, 20.50000000000001100 ) ) ;
#2004 = ORIENTED_EDGE ( 'NONE', *, *, #1563, .F. ) ;
#2005 = CARTESIAN_POINT ( 'NONE',  ( 6.200000000000001100, 1.099999999999970800, 8.500000000000012400 ) ) ;
#2006 = ORIENTED_EDGE ( 'NONE', *, *, #2173, .F. ) ;
#2007 = CARTESIAN_POINT ( 'NONE',  ( 14.45000000000000100, 1.499999999999913000, 24.50000000000001400 ) ) ;
#2008 = EDGE_CURVE ( 'NONE', #1548, #1155, #207, .T. ) ;
#2009 = DIRECTION ( 'NONE',  ( 0.0000000000000000000, 3.621415408221843200E-015, -1.000000000000000000 ) ) ;
#2010 = CARTESIAN_POINT ( 'NONE',  ( -4.401552794111058400, -1.900000000000056100, 15.50000000000000400 ) ) ;
#2011 = DIRECTION ( 'NONE',  ( -0.04357795025174550400, -0.9980991556472298400, 0.04357795025174092400 ) ) ;
#2012 = LINE ( 'NONE', #609, #631 ) ;
#2013 = CARTESIAN_POINT ( 'NONE',  ( 14.45000000000000100, 1.499999999999895400, 12.50000000000001200 ) ) ;
#2014 = LINE ( 'NONE', #2185, #572 ) ;
#2015 = EDGE_CURVE ( 'NONE', #1224, #1895, #2012, .T. ) ;
#2016 = CARTESIAN_POINT ( 'NONE',  ( 7.100000000000001400, -1.900000000000080500, 22.50000000000000000 ) ) ;
#2017 = DIRECTION ( 'NONE',  ( 0.0000000000000000000, -1.000000000000000000, -3.491481338843133400E-015 ) ) ;
#2018 = CARTESIAN_POINT ( 'NONE',  ( 1.250000000000000200, -0.2999999999999374800, -17.49999999999999600 ) ) ;
#2019 = ORIENTED_EDGE ( 'NONE', *, *, #839, .F. ) ;
#2020 = ADVANCED_FACE ( 'NONE', ( #1186 ), #2248, .F. ) ;
#2021 = UNCERTAINTY_MEASURE_WITH_UNIT (LENGTH_MEASURE( 1.000000000000000100E-005 ), #1818, 'distance_accuracy_value', 'NONE');
#2022 = CARTESIAN_POINT ( 'NONE',  ( 15.39760686850978300, 0.3000000000001646900, 2.500000000000009300 ) ) ;
#2023 = ORIENTED_EDGE ( 'NONE', *, *, #1299, .T. ) ;
#2024 = EDGE_LOOP ( 'NONE', ( #2023, #2099, #942, #169 ) ) ;
#2025 = CARTESIAN_POINT ( 'NONE',  ( 1.250000000000000200, -0.3000000000000103100, 2.526196565745118900 ) ) ;
#2026 = AXIS2_PLACEMENT_3D ( 'NONE', #1451, #1459, #98 ) ;
#2027 = AXIS2_PLACEMENT_3D ( 'NONE', #442, #810, #69 ) ;
#2028 = ORIENTED_EDGE ( 'NONE', *, *, #139, .T. ) ;
#2029 = VECTOR ( 'NONE', #407, 1000.000000000000000 ) ;
#2030 = CARTESIAN_POINT ( 'NONE',  ( 14.45000000000000100, 1.499999999999701100, 20.50000000000001100 ) ) ;
#2031 = EDGE_CURVE ( 'NONE', #2033, #1165, #1123, .T. ) ;
#2032 = VECTOR ( 'NONE', #1896, 1000.000000000000000 ) ;
#2033 = VERTEX_POINT ( 'NONE', #1987 ) ;
#2034 = FILL_AREA_STYLE_COLOUR ( '', #1587 ) ;
#2035 = VECTOR ( 'NONE', #154, 1000.000000000000000 ) ;
#2036 = SURFACE_SIDE_STYLE ('',( #1854 ) ) ;
#2037 = ADVANCED_FACE ( 'NONE', ( #87 ), #1547, .F. ) ;
#2038 = VECTOR ( 'NONE', #2145, 1000.000000000000000 ) ;
#2039 = CYLINDRICAL_SURFACE ( 'NONE', #1771, 0.7500000000000006700 ) ;
#2040 = EDGE_LOOP ( 'NONE', ( #2137, #72, #1328, #1850 ) ) ;
#2041 = CARTESIAN_POINT ( 'NONE',  ( 15.28375996991345300, -2.307522673866456900, 20.16688492991880800 ) ) ;
#2042 = CARTESIAN_POINT ( 'NONE',  ( 15.45000000000000100, 0.2999999999996807400, 28.50000000000000700 ) ) ;
#2043 =( GEOMETRIC_REPRESENTATION_CONTEXT ( 3 ) GLOBAL_UNCERTAINTY_ASSIGNED_CONTEXT ( ( #1453 ) ) GLOBAL_UNIT_ASSIGNED_CONTEXT ( ( #926, #267, #1899 ) ) REPRESENTATION_CONTEXT ( 'NONE', 'WORKASPACE' ) );
#2044 = VECTOR ( 'NONE', #2113, 1000.000000000000000 ) ;
#2045 = CARTESIAN_POINT ( 'NONE',  ( -3.550000000000000300, 1.499999999999687400, 24.50000000000001400 ) ) ;
#2046 = EDGE_CURVE ( 'NONE', #379, #277, #1025, .T. ) ;
#2047 =( NAMED_UNIT ( * ) SI_UNIT ( $, .STERADIAN. ) SOLID_ANGLE_UNIT ( ) );
#2048 = ORIENTED_EDGE ( 'NONE', *, *, #2108, .T. ) ;
#2049 = CARTESIAN_POINT ( 'NONE',  ( 15.35972561008134100, -0.5676234617246287400, 28.53788125842843100 ) ) ;
#2050 = ORIENTED_EDGE ( 'NONE', *, *, #1939, .T. ) ;
#2051 = DIRECTION ( 'NONE',  ( 0.0000000000000000000, 1.000000000000000000, 3.491481338843133400E-015 ) ) ;
#2052 = EDGE_LOOP ( 'NONE', ( #1439, #870, #1699, #567 ) ) ;
#2053 = ORIENTED_EDGE ( 'NONE', *, *, #2187, .T. ) ;
#2054 = VERTEX_POINT ( 'NONE', #796 ) ;
#2055 = ORIENTED_EDGE ( 'NONE', *, *, #1142, .F. ) ;
#2056 = DIRECTION ( 'NONE',  ( 0.0000000000000000000, -3.621415408221843200E-015, 1.000000000000000000 ) ) ;
#2057 = ORIENTED_EDGE ( 'NONE', *, *, #806, .T. ) ;
#2058 = FACE_OUTER_BOUND ( 'NONE', #1909, .T. ) ;
#2059 = CARTESIAN_POINT ( 'NONE',  ( 5.950000000000002800, 3.100000000000059200, -17.49999999999998200 ) ) ;
#2060 = DIRECTION ( 'NONE',  ( -1.000000000000000000, 0.0000000000000000000, 0.0000000000000000000 ) ) ;
#2061 = LINE ( 'NONE', #1140, #45 ) ;
#2062 = CARTESIAN_POINT ( 'NONE',  ( -1.249999999999999300, -0.3000000000000103100, 2.526196565745118900 ) ) ;
#2063 = LINE ( 'NONE', #1937, #410 ) ;
#2064 = DIRECTION ( 'NONE',  ( 0.0000000000000000000, -0.9990482215818581300, 0.04361938736532790200 ) ) ;
#2065 = CYLINDRICAL_SURFACE ( 'NONE', #1822, 1.650000000000000400 ) ;
#2066 = ORIENTED_EDGE ( 'NONE', *, *, #1034, .F. ) ;
#2067 = SURFACE_STYLE_USAGE ( .BOTH. , #467 ) ;
#2068 = VECTOR ( 'NONE', #1124, 1000.000000000000000 ) ;
#2069 = CARTESIAN_POINT ( 'NONE',  ( 11.39999999999999700, 0.2999999999999999300, 3.469446951953614200E-015 ) ) ;
#2070 = EDGE_CURVE ( 'NONE', #2303, #2033, #1950, .T. ) ;
#2071 = VECTOR ( 'NONE', #1355, 1000.000000000000000 ) ;
#2072 =( NAMED_UNIT ( * ) PLANE_ANGLE_UNIT ( ) SI_UNIT ( $, .RADIAN. ) );
#2073 = ORIENTED_EDGE ( 'NONE', *, *, #74, .T. ) ;
#2074 = CARTESIAN_POINT ( 'NONE',  ( 10.40000000000000000, 3.100000000000000500, 1.387778780781445700E-014 ) ) ;
#2075 = SURFACE_STYLE_FILL_AREA ( #1892 ) ;
#2076 = DIRECTION ( 'NONE',  ( 0.0000000000000000000, 0.0000000000000000000, 1.000000000000000000 ) ) ;
#2077 = CONICAL_SURFACE ( 'NONE', #1913, 2.297461455988110600, 0.08726646259971321300 ) ;
#2078 = SURFACE_SIDE_STYLE ('',( #1370 ) ) ;
#2079 = EDGE_LOOP ( 'NONE', ( #1358, #523, #1953, #1189 ) ) ;
#2080 = AXIS2_PLACEMENT_3D ( 'NONE', #513, #1800, #696 ) ;
#2081 = VECTOR ( 'NONE', #204, 1000.000000000000000 ) ;
#2082 = AXIS2_PLACEMENT_3D ( 'NONE', #905, #956, #1231 ) ;
#2083 = DIRECTION ( 'NONE',  ( -1.486905836551549300E-016, -3.491481338843133400E-015, 1.000000000000000000 ) ) ;
#2084 =( LENGTH_UNIT ( ) NAMED_UNIT ( * ) SI_UNIT ( .MILLI., .METRE. ) );
#2085 = CARTESIAN_POINT ( 'NONE',  ( -4.401552794111058400, -1.900000000000044100, 12.20253854401187600 ) ) ;
#2086 = CARTESIAN_POINT ( 'NONE',  ( 1.449999999999999100, 1.099999999999922200, 22.50000000000001400 ) ) ;
#2087 = VERTEX_POINT ( 'NONE', #1072 ) ;
#2088 = ORIENTED_EDGE ( 'NONE', *, *, #1180, .F. ) ;
#2089 = EDGE_CURVE ( 'NONE', #1446, #1582, #1461, .T. ) ;
#2090 = CARTESIAN_POINT ( 'NONE',  ( 6.950000000000001100, 0.3000000000000623800, -17.49999999999998900 ) ) ;
#2091 = LINE ( 'NONE', #370, #1148 ) ;
#2092 = AXIS2_PLACEMENT_3D ( 'NONE', #142, #212, #36 ) ;
#2093 = VECTOR ( 'NONE', #961, 1000.000000000000100 ) ;
#2094 = PLANE ( 'NONE',  #2123 ) ;
#2095 = LINE ( 'NONE', #949, #327 ) ;
#2096 = DIRECTION ( 'NONE',  ( -1.000000000000000000, 0.0000000000000000000, 0.0000000000000000000 ) ) ;
#2097 = ORIENTED_EDGE ( 'NONE', *, *, #1751, .T. ) ;
#2098 = CARTESIAN_POINT ( 'NONE',  ( -0.4999999999999978400, -0.2999999999999409300, -17.49999999999999600 ) ) ;
#2099 = ORIENTED_EDGE ( 'NONE', *, *, #509, .T. ) ;
#2100 = EDGE_LOOP ( 'NONE', ( #1831, #671, #1779, #125 ) ) ;
#2101 = EDGE_CURVE ( 'NONE', #848, #1272, #1907, .T. ) ;
#2102 = PLANE ( 'NONE',  #750 ) ;
#2103 = DIRECTION ( 'NONE',  ( 0.0000000000000000000, -1.000000000000000000, -3.491481338843133400E-015 ) ) ;
#2104 = SURFACE_STYLE_FILL_AREA ( #1849 ) ;
#2105 = VECTOR ( 'NONE', #1888, 1000.000000000000000 ) ;
#2106 = CARTESIAN_POINT ( 'NONE',  ( -3.550000000000000300, 1.499999999999895400, 12.50000000000001200 ) ) ;
#2107 = PRESENTATION_STYLE_ASSIGNMENT (( #1061 ) ) ;
#2108 = EDGE_CURVE ( 'NONE', #1263, #1133, #568, .T. ) ;
#2109 = AXIS2_PLACEMENT_3D ( 'NONE', #131, #1185, #1558 ) ;
#2110 = CARTESIAN_POINT ( 'NONE',  ( 6.950000000000001100, 0.2999999999999895000, 2.500000000000016000 ) ) ;
#2111 = SURFACE_STYLE_USAGE ( .BOTH. , #1766 ) ;
#2112 =( GEOMETRIC_REPRESENTATION_CONTEXT ( 3 ) GLOBAL_UNCERTAINTY_ASSIGNED_CONTEXT ( ( #729 ) ) GLOBAL_UNIT_ASSIGNED_CONTEXT ( ( #2256, #1201, #114 ) ) REPRESENTATION_CONTEXT ( 'NONE', 'WORKASPACE' ) );
#2113 = DIRECTION ( 'NONE',  ( 0.0000000000000000000, -3.643269642991104000E-015, 1.000000000000000000 ) ) ;
#2114 = ORIENTED_EDGE ( 'NONE', *, *, #104, .F. ) ;
#2115 = CARTESIAN_POINT ( 'NONE',  ( 12.15000000000000000, -0.3000000000000103100, 2.526196565745118900 ) ) ;
#2116 = EDGE_CURVE ( 'NONE', #120, #1224, #461, .T. ) ;
#2117 = DIRECTION ( 'NONE',  ( 0.0000000000000000000, -0.9990482215818581300, 0.04361938736532790200 ) ) ;
#2118 = DIRECTION ( 'NONE',  ( 6.672013369141566700E-017, 3.491481338843133400E-015, -1.000000000000000000 ) ) ;
#2119 = LINE ( 'NONE', #622, #393 ) ;
#2120 = LINE ( 'NONE', #175, #147 ) ;
#2121 = ORIENTED_EDGE ( 'NONE', *, *, #642, .F. ) ;
#2122 = ORIENTED_EDGE ( 'NONE', *, *, #1930, .T. ) ;
#2123 = AXIS2_PLACEMENT_3D ( 'NONE', #646, #1035, #1912 ) ;
#2124 = LINE ( 'NONE', #2338, #73 ) ;
#2125 = AXIS2_PLACEMENT_3D ( 'NONE', #632, #1528, #1395 ) ;
#2126 = CARTESIAN_POINT ( 'NONE',  ( 12.15000000000000000, -0.2999999999999374800, -17.49999999999999600 ) ) ;
#2127 = LINE ( 'NONE', #1760, #1834 ) ;
#2128 = FACE_OUTER_BOUND ( 'NONE', #2100, .T. ) ;
#2129 = CARTESIAN_POINT ( 'NONE',  ( -1.249999999999999300, -0.3000000000000033800, 0.7500000000000006700 ) ) ;
#2130 = DIRECTION ( 'NONE',  ( 6.672013369141566700E-017, 3.491481338843133400E-015, -1.000000000000000000 ) ) ;
#2131 = LINE ( 'NONE', #1957, #2081 ) ;
#2132 = DIRECTION ( 'NONE',  ( 0.0000000000000000000, -3.491481338843133400E-015, 1.000000000000000000 ) ) ;
#2133 = DIRECTION ( 'NONE',  ( 0.0000000000000000000, -0.04361938736532790900, -0.9990482215818581300 ) ) ;
#2134 = ADVANCED_FACE ( 'NONE', ( #904 ), #241, .T. ) ;
#2135 = EDGE_CURVE ( 'NONE', #648, #419, #2267, .T. ) ;
#2136 = EDGE_CURVE ( 'NONE', #712, #856, #396, .T. ) ;
#2137 = ORIENTED_EDGE ( 'NONE', *, *, #875, .T. ) ;
#2138 = DIRECTION ( 'NONE',  ( 0.04357795025174550400, 0.9980991556472295100, 0.04357795025174867500 ) ) ;
#2139 = DIRECTION ( 'NONE',  ( 1.000000000000000000, -4.326253317447225700E-031, 1.239088197126290600E-016 ) ) ;
#2140 = EDGE_LOOP ( 'NONE', ( #1810, #350, #2019, #1300 ) ) ;
#2141 = DIRECTION ( 'NONE',  ( 0.0000000000000000000, 1.000000000000000000, 3.621415408221843200E-015 ) ) ;
#2142 = EDGE_CURVE ( 'NONE', #2269, #606, #1856, .T. ) ;
#2143 = CARTESIAN_POINT ( 'NONE',  ( 6.950000000000001100, -0.3000000000000103100, 2.526196565745118900 ) ) ;
#2144 = PLANE ( 'NONE',  #2315 ) ;
#2145 = DIRECTION ( 'NONE',  ( 0.0000000000000000000, 3.621415408221843200E-015, -1.000000000000000000 ) ) ;
#2146 = CIRCLE ( 'NONE', #1870, 0.7500000000000006700 ) ;
#2147 = DIRECTION ( 'NONE',  ( -1.000000000000000000, -0.0000000000000000000, 0.0000000000000000000 ) ) ;
#2148 = CARTESIAN_POINT ( 'NONE',  ( -4.401552794111058400, -1.900000000000101200, 28.40394592560127400 ) ) ;
#2149 = VERTEX_POINT ( 'NONE', #2222 ) ;
#2150 = VECTOR ( 'NONE', #273, 1000.000000000000000 ) ;
#2151 = AXIS2_PLACEMENT_3D ( 'NONE', #1431, #472, #1377 ) ;
#2152 = ORIENTED_EDGE ( 'NONE', *, *, #1158, .F. ) ;
#2153 = CARTESIAN_POINT ( 'NONE',  ( 14.45000000000000100, 1.499999999999926700, 20.50000000000001100 ) ) ;
#2154 = AXIS2_PLACEMENT_3D ( 'NONE', #1367, #2345, #1164 ) ;
#2155 = DIRECTION ( 'NONE',  ( 0.0000000000000000000, -1.000000000000000000, -3.491481338843133400E-015 ) ) ;
#2156 = CARTESIAN_POINT ( 'NONE',  ( 9.650000000000000400, -0.3000000000000103100, 2.526196565745118900 ) ) ;
#2157 = PRESENTATION_STYLE_ASSIGNMENT (( #2067 ) ) ;
#2158 = DIRECTION ( 'NONE',  ( 1.000000000000000000, 0.0000000000000000000, 0.0000000000000000000 ) ) ;
#2159 = EDGE_CURVE ( 'NONE', #1414, #432, #845, .T. ) ;
#2160 = VECTOR ( 'NONE', #2051, 1000.000000000000000 ) ;
#2161 = ORIENTED_EDGE ( 'NONE', *, *, #392, .F. ) ;
#2162 = FACE_OUTER_BOUND ( 'NONE', #296, .T. ) ;
#2163 = DIRECTION ( 'NONE',  ( 0.04345371644180782300, -0.9952537335912757800, 0.08707341902107980400 ) ) ;
#2164 = DIRECTION ( 'NONE',  ( 0.0000000000000000000, -3.491481338843133400E-015, 1.000000000000000000 ) ) ;
#2165 = AXIS2_PLACEMENT_3D ( 'NONE', #76, #1885, #618 ) ;
#2166 = ADVANCED_FACE ( 'NONE', ( #337 ), #1151, .F. ) ;
#2167 = DIRECTION ( 'NONE',  ( 1.000000000000000000, 0.0000000000000000000, 0.0000000000000000000 ) ) ;
#2168 = EDGE_LOOP ( 'NONE', ( #779, #1678, #348, #1250 ) ) ;
#2169 = VERTEX_POINT ( 'NONE', #40 ) ;
#2170 = DIRECTION ( 'NONE',  ( 6.672013369141565500E-017, 3.491481338843133400E-015, -1.000000000000000000 ) ) ;
#2171 = DIRECTION ( 'NONE',  ( 1.000000000000000000, 0.0000000000000000000, 0.0000000000000000000 ) ) ;
#2172 = EDGE_LOOP ( 'NONE', ( #1080, #640, #1780, #1436 ) ) ;
#2173 = EDGE_CURVE ( 'NONE', #432, #277, #1759, .T. ) ;
#2174 = CARTESIAN_POINT ( 'NONE',  ( 1.449999999999999100, -1.900000000000080500, 22.50000000000000400 ) ) ;
#2175 = LINE ( 'NONE', #1226, #281 ) ;
#2176 = DIRECTION ( 'NONE',  ( 0.0000000000000000000, -0.9990482215818581300, 0.04361938736532790200 ) ) ;
#2177 = LINE ( 'NONE', #736, #219 ) ;
#2178 = LINE ( 'NONE', #890, #413 ) ;
#2179 = VECTOR ( 'NONE', #182, 1000.000000000000000 ) ;
#2180 = DIRECTION ( 'NONE',  ( 1.000000000000000000, 0.0000000000000000000, 0.0000000000000000000 ) ) ;
#2181 = ORIENTED_EDGE ( 'NONE', *, *, #1344, .T. ) ;
#2182 = CARTESIAN_POINT ( 'NONE',  ( -4.549999999999998900, 1.500000000000225200, 24.50000000000001400 ) ) ;
#2183 = DIRECTION ( 'NONE',  ( 6.672013369141565500E-017, 3.491481338843133400E-015, -1.000000000000000000 ) ) ;
#2184 = ORIENTED_EDGE ( 'NONE', *, *, #575, .T. ) ;
#2185 = CARTESIAN_POINT ( 'NONE',  ( 9.650000000000000400, -0.3000000000000103100, 2.526196565745118900 ) ) ;
#2186 = LINE ( 'NONE', #466, #813 ) ;
#2187 = EDGE_CURVE ( 'NONE', #1412, #2303, #1807, .T. ) ;
#2188 = CARTESIAN_POINT ( 'NONE',  ( 1.250000000000000200, 0.2999999999999895000, 2.500000000000016000 ) ) ;
#2189 = DIRECTION ( 'NONE',  ( 6.672013369141565500E-017, 3.491481338843133400E-015, -1.000000000000000000 ) ) ;
#2190 = LINE ( 'NONE', #1193, #816 ) ;
#2191 = CARTESIAN_POINT ( 'NONE',  ( 5.450000000000001100, 3.099999999999920600, 22.50000000000002100 ) ) ;
#2192 = CARTESIAN_POINT ( 'NONE',  ( 5.950000000000001100, 3.100000000000000500, 2.081668171172168500E-014 ) ) ;
#2193 = CARTESIAN_POINT ( 'NONE',  ( 6.200000000000001100, 1.099999999999970800, 8.500000000000012400 ) ) ;
#2194 = DIRECTION ( 'NONE',  ( 0.0000000000000000000, 0.9961946980917461000, -0.08715574274765128200 ) ) ;
#2195 = DIRECTION ( 'NONE',  ( -1.000000000000000000, 0.0000000000000000000, 0.0000000000000000000 ) ) ;
#2196 = ORIENTED_EDGE ( 'NONE', *, *, #2142, .F. ) ;
#2197 = VECTOR ( 'NONE', #1793, 1000.000000000000000 ) ;
#2198 = ADVANCED_FACE ( 'NONE', ( #288 ), #3, .F. ) ;
#2199 = EDGE_LOOP ( 'NONE', ( #2161, #1538, #352, #1529, #2239 ) ) ;
#2200 = LINE ( 'NONE', #2, #711 ) ;
#2201 = LINE ( 'NONE', #1259, #1829 ) ;
#2202 = DIRECTION ( 'NONE',  ( 0.0000000000000000000, -1.000000000000000000, -3.491481338843133400E-015 ) ) ;
#2203 = DIRECTION ( 'NONE',  ( 0.0000000000000000000, -1.000000000000000000, -3.491481338843133400E-015 ) ) ;
#2204 = VERTEX_POINT ( 'NONE', #1995 ) ;
#2205 = EDGE_CURVE ( 'NONE', #1690, #1724, #1714, .T. ) ;
#2206 = EDGE_LOOP ( 'NONE', ( #479, #1197 ) ) ;
#2207 = DIRECTION ( 'NONE',  ( 0.0000000000000000000, 1.000000000000000000, 3.491481338843133400E-015 ) ) ;
#2208 = AXIS2_PLACEMENT_3D ( 'NONE', #884, #1852, #909 ) ;
#2209 = VECTOR ( 'NONE', #186, 1000.000000000000000 ) ;
#2210 = LINE ( 'NONE', #591, #2268 ) ;
#2211 = ORIENTED_EDGE ( 'NONE', *, *, #1443, .F. ) ;
#2212 = VECTOR ( 'NONE', #366, 1000.000000000000000 ) ;
#2213 = EDGE_CURVE ( 'NONE', #1111, #1382, #1283, .T. ) ;
#2214 = PRODUCT_DEFINITION_SHAPE ( 'NONE', 'NONE',  #1345 ) ;
#2215 = PLANE ( 'NONE',  #4 ) ;
#2216 = FILL_AREA_STYLE_COLOUR ( '', #1968 ) ;
#2217 = CARTESIAN_POINT ( 'NONE',  ( 5.450000000000001100, -1.900000000000044100, 12.20253854401187600 ) ) ;
#2218 = LINE ( 'NONE', #1970, #913 ) ;
#2219 = ORIENTED_EDGE ( 'NONE', *, *, #460, .F. ) ;
#2220 = ORIENTED_EDGE ( 'NONE', *, *, #1962, .F. ) ;
#2221 = CARTESIAN_POINT ( 'NONE',  ( 0.5000000000000004400, 0.2999999999999895000, 2.500000000000016000 ) ) ;
#2222 = CARTESIAN_POINT ( 'NONE',  ( 6.200000000000001100, -1.900000000000031900, 8.500000000000001800 ) ) ;
#2223 = AXIS2_PLACEMENT_3D ( 'NONE', #397, #434, #341 ) ;
#2224 = DIRECTION ( 'NONE',  ( 0.0000000000000000000, -1.000000000000000000, -3.491481338843133400E-015 ) ) ;
#2225 = CYLINDRICAL_SURFACE ( 'NONE', #451, 1.650000000000000400 ) ;
#2226 = EDGE_CURVE ( 'NONE', #1747, #2280, #1222, .T. ) ;
#2227 = FACE_OUTER_BOUND ( 'NONE', #65, .T. ) ;
#2228 = VERTEX_POINT ( 'NONE', #51 ) ;
#2229 =( LENGTH_UNIT ( ) NAMED_UNIT ( * ) SI_UNIT ( .MILLI., .METRE. ) );
#2230 = LINE ( 'NONE', #386, #2035 ) ;
#2231 = ORIENTED_EDGE ( 'NONE', *, *, #16, .T. ) ;
#2232 = CARTESIAN_POINT ( 'NONE',  ( 12.15000000000000000, 0.2999999999999964400, 0.7500000000000075500 ) ) ;
#2233 = STYLED_ITEM ( 'NONE', ( #1305 ), #367 ) ;
#2234 = DIRECTION ( 'NONE',  ( 0.0000000000000000000, -1.000000000000000000, -3.491481338843133400E-015 ) ) ;
#2235 = CARTESIAN_POINT ( 'NONE',  ( 9.449999999999999300, 1.099999999999922200, 22.50000000000001400 ) ) ;
#2236 = LINE ( 'NONE', #1409, #1906 ) ;
#2237 = AXIS2_PLACEMENT_3D ( 'NONE', #1184, #1169, #587 ) ;
#2238 = PLANE ( 'NONE',  #417 ) ;
#2239 = ORIENTED_EDGE ( 'NONE', *, *, #944, .F. ) ;
#2240 = FACE_OUTER_BOUND ( 'NONE', #183, .T. ) ;
#2241 = CARTESIAN_POINT ( 'NONE',  ( 4.950000000000001100, 3.100000000000000500, 2.081668171172168500E-014 ) ) ;
#2242 = CARTESIAN_POINT ( 'NONE',  ( 14.45000000000000100, -1.900000000000071900, 20.20253854401189000 ) ) ;
#2243 = PLANE ( 'NONE',  #158 ) ;
#2244 = FILL_AREA_STYLE ('',( #1055 ) ) ;
#2245 = DIRECTION ( 'NONE',  ( 0.0000000000000000000, 1.000000000000000000, 3.491481338843133400E-015 ) ) ;
#2246 = ORIENTED_EDGE ( 'NONE', *, *, #1176, .T. ) ;
#2247 = ADVANCED_FACE ( 'NONE', ( #1154 ), #2039, .F. ) ;
#2248 = PLANE ( 'NONE',  #162 ) ;
#2249 = ORIENTED_EDGE ( 'NONE', *, *, #2008, .F. ) ;
#2250 = EDGE_CURVE ( 'NONE', #34, #20, #174, .T. ) ;
#2251 = CARTESIAN_POINT ( 'NONE',  ( 5.950000000000001100, -0.3000000000000016500, 6.938893903907228400E-015 ) ) ;
#2252 = ORIENTED_EDGE ( 'NONE', *, *, #1687, .T. ) ;
#2253 = VECTOR ( 'NONE', #1449, 1000.000000000000000 ) ;
#2254 = DIRECTION ( 'NONE',  ( 0.0000000000000000000, -1.000000000000000000, -3.491481338843133400E-015 ) ) ;
#2255 = PRESENTATION_STYLE_ASSIGNMENT (( #872 ) ) ;
#2256 =( LENGTH_UNIT ( ) NAMED_UNIT ( * ) SI_UNIT ( .MILLI., .METRE. ) );
#2257 = PLANE ( 'NONE',  #620 ) ;
#2258 = CARTESIAN_POINT ( 'NONE',  ( 7.100000000000001400, 3.099999999999920600, 22.50000000000002100 ) ) ;
#2259 = CARTESIAN_POINT ( 'NONE',  ( 2.199999999999998800, 1.099999999999922200, 22.50000000000001400 ) ) ;
#2260 = VECTOR ( 'NONE', #1735, 1000.000000000000000 ) ;
#2261 = VERTEX_POINT ( 'NONE', #780 ) ;
#2262 = DIRECTION ( 'NONE',  ( -1.000000000000000000, 0.0000000000000000000, 0.0000000000000000000 ) ) ;
#2263 = EDGE_CURVE ( 'NONE', #1037, #798, #1597, .T. ) ;
#2264 = FILL_AREA_STYLE_COLOUR ( '', #247 ) ;
#2265 = DIRECTION ( 'NONE',  ( -1.486905836551549300E-016, -3.491481338843133400E-015, 1.000000000000000000 ) ) ;
#2266 = VECTOR ( 'NONE', #1036, 1000.000000000000000 ) ;
#2267 = LINE ( 'NONE', #1356, #512 ) ;
#2268 = VECTOR ( 'NONE', #1349, 1000.000000000000000 ) ;
#2269 = VERTEX_POINT ( 'NONE', #1379 ) ;
#2270 = VECTOR ( 'NONE', #338, 1000.000000000000000 ) ;
#2271 = SURFACE_SIDE_STYLE ('',( #984 ) ) ;
#2272 = CARTESIAN_POINT ( 'NONE',  ( 3.950000000000000200, -0.3000000000000033800, 1.000000000000011300 ) ) ;
#2273 = SURFACE_SIDE_STYLE ('',( #590 ) ) ;
#2274 = SURFACE_STYLE_FILL_AREA ( #1298 ) ;
#2275 = CARTESIAN_POINT ( 'NONE',  ( 5.450000000000003700, -1.900000000000011000, 2.596054074398727300 ) ) ;
#2276 = EDGE_CURVE ( 'NONE', #606, #1630, #662, .T. ) ;
#2277 = ORIENTED_EDGE ( 'NONE', *, *, #1656, .F. ) ;
#2278 = DIRECTION ( 'NONE',  ( -6.672013369141565500E-017, -3.491481338843133400E-015, 1.000000000000000000 ) ) ;
#2279 = ORIENTED_EDGE ( 'NONE', *, *, #1992, .F. ) ;
#2280 = VERTEX_POINT ( 'NONE', #825 ) ;
#2281 =( NAMED_UNIT ( * ) SI_UNIT ( $, .STERADIAN. ) SOLID_ANGLE_UNIT ( ) );
#2282 = LINE ( 'NONE', #2005, #610 ) ;
#2283 = STYLED_ITEM ( 'NONE', ( #1978 ), #237 ) ;
#2284 = LINE ( 'NONE', #638, #1068 ) ;
#2285 = ADVANCED_FACE ( 'NONE', ( #1989 ), #1573, .T. ) ;
#2286 = AXIS2_PLACEMENT_3D ( 'NONE', #2086, #1500, #2309 ) ;
#2287 = DIRECTION ( 'NONE',  ( 0.0000000000000000000, -1.000000000000000000, -3.491481338843133400E-015 ) ) ;
#2288 = EDGE_LOOP ( 'NONE', ( #1709, #1339, #698, #1432, #77, #130, #891, #2312 ) ) ;
#2289 = CARTESIAN_POINT ( 'NONE',  ( 11.39999999999999700, 3.100000000000000500, 1.387778780781445700E-014 ) ) ;
#2290 = ORIENTED_EDGE ( 'NONE', *, *, #1053, .F. ) ;
#2291 = DIRECTION ( 'NONE',  ( 0.9990482215818580200, 0.04361938736533167700, 2.189529079059381200E-016 ) ) ;
#2292 = EDGE_CURVE ( 'NONE', #1644, #1321, #2294, .T. ) ;
#2293 = CARTESIAN_POINT ( 'NONE',  ( 5.450000000000001100, -1.900000000000052800, 14.79746145598812600 ) ) ;
#2294 = CIRCLE ( 'NONE', #2347, 1.297461455988124600 ) ;
#2295 = VECTOR ( 'NONE', #787, 1000.000000000000000 ) ;
#2296 = MANIFOLD_SOLID_BREP ( 'Lead1', #524 ) ;
#2297 = VECTOR ( 'NONE', #1756, 1000.000000000000000 ) ;
#2298 = CARTESIAN_POINT ( 'NONE',  ( 9.449999999999999300, -1.900000000000080500, 22.50000000000000000 ) ) ;
#2299 = DIRECTION ( 'NONE',  ( 1.000000000000000000, 0.0000000000000000000, 0.0000000000000000000 ) ) ;
#2300 = ORIENTED_EDGE ( 'NONE', *, *, #476, .T. ) ;
#2301 = VERTEX_POINT ( 'NONE', #453 ) ;
#2302 = EDGE_CURVE ( 'NONE', #1382, #653, #1684, .T. ) ;
#2303 = VERTEX_POINT ( 'NONE', #62 ) ;
#2304 = ORIENTED_EDGE ( 'NONE', *, *, #404, .F. ) ;
#2305 = EDGE_LOOP ( 'NONE', ( #1350, #1450, #1234, #205 ) ) ;
#2306 = CARTESIAN_POINT ( 'NONE',  ( -4.459725610081343400, -0.5676234617244986200, 2.462118741571577700 ) ) ;
#2307 = DIRECTION ( 'NONE',  ( -1.000000000000000000, -0.0000000000000000000, 0.0000000000000000000 ) ) ;
#2308 = FILL_AREA_STYLE ('',( #1079 ) ) ;
#2309 = DIRECTION ( 'NONE',  ( 1.000000000000000000, 0.0000000000000000000, 0.0000000000000000000 ) ) ;
#2310 = LINE ( 'NONE', #1046, #477 ) ;
#2311 = CARTESIAN_POINT ( 'NONE',  ( -4.549999999999998900, 1.500000000000221600, 28.44760686850978000 ) ) ;
#2312 = ORIENTED_EDGE ( 'NONE', *, *, #1555, .F. ) ;
#2313 = EDGE_CURVE ( 'NONE', #2261, #1446, #2127, .T. ) ;
#2314 = CYLINDRICAL_SURFACE ( 'NONE', #1353, 0.7499999999999997800 ) ;
#2315 = AXIS2_PLACEMENT_3D ( 'NONE', #1956, #2139, #2327 ) ;
#2316 = ORIENTED_EDGE ( 'NONE', *, *, #906, .T. ) ;
#2317 = VERTEX_POINT ( 'NONE', #271 ) ;
#2318 = AXIS2_PLACEMENT_3D ( 'NONE', #895, #1279, #1307 ) ;
#2319 = ORIENTED_EDGE ( 'NONE', *, *, #2173, .T. ) ;
#2320 = SURFACE_SIDE_STYLE ('',( #39 ) ) ;
#2321 = CARTESIAN_POINT ( 'NONE',  ( 1.250000000000000200, 0.2999999999999964400, 0.7500000000000075500 ) ) ;
#2322 = DIRECTION ( 'NONE',  ( -1.000000000000000000, -0.0000000000000000000, 0.0000000000000000000 ) ) ;
#2323 = ORIENTED_EDGE ( 'NONE', *, *, #975, .T. ) ;
#2324 = ADVANCED_FACE ( 'NONE', ( #202 ), #1776, .F. ) ;
#2325 = DIRECTION ( 'NONE',  ( 0.0000000000000000000, -3.643269642991104000E-015, 1.000000000000000000 ) ) ;
#2326 = VECTOR ( 'NONE', #110, 1000.000000000000000 ) ;
#2327 = DIRECTION ( 'NONE',  ( -1.239088197126290600E-016, -3.491481338843133400E-015, 1.000000000000000000 ) ) ;
#2328 = DIRECTION ( 'NONE',  ( 0.0000000000000000000, 1.000000000000000000, 3.491481338843133400E-015 ) ) ;
#2329 = LINE ( 'NONE', #2275, #399 ) ;
#2330 = DIRECTION ( 'NONE',  ( 0.0000000000000000000, -1.000000000000000000, -3.491481338843133400E-015 ) ) ;
#2331 = CARTESIAN_POINT ( 'NONE',  ( 8.699999999999999300, 1.099999999999922200, 22.50000000000000700 ) ) ;
#2332 = EDGE_CURVE ( 'NONE', #441, #604, #1624, .T. ) ;
#2333 = ADVANCED_FACE ( 'NONE', ( #684 ), #1553, .F. ) ;
#2334 = DIRECTION ( 'NONE',  ( 0.0000000000000000000, -1.000000000000000000, -3.491481338843133400E-015 ) ) ;
#2335 = ORIENTED_EDGE ( 'NONE', *, *, #2292, .T. ) ;
#2336 = EDGE_CURVE ( 'NONE', #2087, #1609, #965, .T. ) ;
#2337 = EDGE_LOOP ( 'NONE', ( #1122, #755 ) ) ;
#2338 = CARTESIAN_POINT ( 'NONE',  ( 15.45000000000000100, 3.099999999999899700, 28.37774935985618900 ) ) ;
#2339 = DIRECTION ( 'NONE',  ( 0.0000000000000000000, -1.000000000000000000, -3.491481338843133400E-015 ) ) ;
#2340 = CIRCLE ( 'NONE', #883, 2.297461455988110600 ) ;
#2341 = CARTESIAN_POINT ( 'NONE',  ( 15.30155279411105300, -1.900000000000056100, 15.50000000000000400 ) ) ;
#2342 = LINE ( 'NONE', #511, #1013 ) ;
#2343 = CARTESIAN_POINT ( 'NONE',  ( 0.5000000000000013300, 0.3000000000000623800, -17.49999999999998900 ) ) ;
#2344 = VERTEX_POINT ( 'NONE', #2251 ) ;
#2345 = DIRECTION ( 'NONE',  ( 0.0000000000000000000, -1.000000000000000000, -3.491481338843133400E-015 ) ) ;
#2346 = CARTESIAN_POINT ( 'NONE',  ( 3.950000000000000200, 0.2999999999999895000, 2.500000000000016000 ) ) ;
#2347 = AXIS2_PLACEMENT_3D ( 'NONE', #1569, #449, #637 ) ;
#2348 = EDGE_CURVE ( 'NONE', #473, #1056, #1853, .T. ) ;
#2349 = CARTESIAN_POINT ( 'NONE',  ( 11.40000000000000000, 0.2999999999999895000, 2.500000000000016000 ) ) ;
#2350 = CARTESIAN_POINT ( 'NONE',  ( -1.249999999999999300, 0.2999999999999964400, 0.7500000000000041100 ) ) ;
#2351 = ORIENTED_EDGE ( 'NONE', *, *, #1761, .T. ) ;
#2352 = PRESENTATION_STYLE_ASSIGNMENT (( #1022 ) ) ;
#2353 = PLANE ( 'NONE',  #1640 ) ;
#2354 = VECTOR ( 'NONE', #1929, 1000.000000000000100 ) ;
#2355 = PLANE ( 'NONE',  #1386 ) ;
ENDSEC;
END-ISO-10303-21;
